樹籍編碼,樹種,學名,科別,河濱公園,管理單位,樹高m,胸高直徑cm,樹冠投影面,推估樹齡_y,資料日期,備註,經度_TWD97,緯度_TWD97,經度_WGS84,緯度_WGS84
XD0CT20001,蒲葵,Livistona chinensis,棕櫚科,古亭,高灘地南區管理站,8.74279,24.203822,22.098282,190.370333,1051231,,302513.8924,2768167.168,121.520331,25.020664
XD0CT20002,蒲葵,Livistona chinensis,棕櫚科,古亭,高灘地南區管理站,5.78943,22.929936,17.984537,122.6795,1051231,測量1m多主幹2枝,302459.0437,2768137.376,121.519786,25.020396
XD0CT20003,蒲葵,Livistona chinensis,棕櫚科,古亭,高灘地南區管理站,5.96935,25.796178,20.232604,122.528,1051231,測量0.5m,302460.6471,2768137.033,121.519802,25.020393
XD0CT20004,蒲葵,Livistona chinensis,棕櫚科,古亭,高灘地南區管理站,10.2118,18.152866,7.262468,0,1051231,脫痕不明顯,302693.6078,2768075.173,121.522108,25.019827
XD0CT20005,蒲葵,Livistona chinensis,棕櫚科,古亭,高灘地南區管理站,10.093,20.700637,9.631909,0,1051231,脫痕不明顯,302695.1416,2768080.427,121.522123,25.019874
XD0CT20006,蒲葵,Livistona chinensis,棕櫚科,古亭,高灘地南區管理站,9.99861,19.585987,11.430978,0,1051231,脫痕不明顯,302696.5271,2768084.492,121.522137,25.019911
XD0CT20007,黃椰子,Chrysalidocarpus,棕櫚科,古亭,高灘地南區管理站,6.94893,21.815287,6.94893,239.9835,1051231,,302762.1935,2768053.921,121.522786,25.019633
XD0CT20008,黃椰子,Chrysalidocarpus,棕櫚科,古亭,高灘地南區管理站,7.75887,0,71.804066,81.369571,1051231,叢生,302747.4312,2767926.493,121.522635,25.018483
XD0ZZ20001,酒瓶椰子,Mascarena lagenicaulis,棕櫚科,中正,高灘地南區管理站,2.64517,17.038217,28.122375,0,1051231,測量1m尺放地上,301724.4763,2768488.78,121.512521,25.023594
XD0ZZ20002,棍棒椰子,Mascarena verschaffeltii,棕櫚科,中正,高灘地南區管理站,2.92691,13.535032,23.185297,0,1051231,測量0.8m,301728.8843,2768498.248,121.512565,25.02368
XDMCD20001,蒲葵,Livistona chinensis,棕櫚科,馬場町紀念公園,高灘地南區管理站,8.62079,22.292994,7.106283,196.852333,1051230,,300915.9692,2768019.053,121.504493,25.019381
XDMCD20002,蒲葵,Livistona chinensis,棕櫚科,馬場町紀念公園,高灘地南區管理站,8.20894,20.541401,6.816851,166.434286,1051230,,300912.3728,2768022.677,121.504457,25.019414
XDMCD20003,蒲葵,Livistona chinensis,棕櫚科,馬場町紀念公園,高灘地南區管理站,8.45973,21.496815,9.233254,150.584,1051230,,300908.941,2768026.903,121.504423,25.019452
XDMCD20004,蒲葵,Livistona chinensis,棕櫚科,馬場町紀念公園,高灘地南區管理站,8.02389,20.700637,13.219582,120.488889,1051230,,300906.3762,2768030.929,121.504398,25.019488
XDMCD20005,蒲葵,Livistona chinensis,棕櫚科,馬場町紀念公園,高灘地南區管理站,8.56311,20.700637,10.576616,143.423429,1051230,,300903.43,2768035.255,121.504369,25.019528
XDMCD20006,蒲葵,Livistona chinensis,棕櫚科,馬場町紀念公園,高灘地南區管理站,7.36693,22.292994,11.429078,121.0545,1051230,,300907.018,2768037.964,121.504405,25.019552
XDMCD20007,蒲葵,Livistona chinensis,棕櫚科,馬場町紀念公園,高灘地南區管理站,8.29263,25.477707,9.384893,139.77525,1051230,,300909.2038,2768033.919,121.504426,25.019515
XDMCD20008,蒲葵,Livistona chinensis,棕櫚科,馬場町紀念公園,高灘地南區管理站,7.97653,22.929936,8.8403,144.096,1051230,,300912.05,2768029.729,121.504454,25.019477
XDMCD20009,蒲葵,Livistona chinensis,棕櫚科,馬場町紀念公園,高灘地南區管理站,9.62857,26.910828,8.863103,261.473667,1051230,,300915.263,2768025.639,121.504486,25.01944
XDMCD20010,蒲葵,Livistona chinensis,棕櫚科,馬場町紀念公園,高灘地南區管理站,8.46901,21.496815,7.314955,142.98875,1051230,,300917.8035,2768020.663,121.504511,25.019395
XDMCD20011,蒲葵,Livistona chinensis,棕櫚科,馬場町紀念公園,高灘地南區管理站,9.14267,27.070064,10.812901,137.295556,1051230,,300922.7737,2768024.395,121.50456,25.019429
XDMCD20012,蒲葵,Livistona chinensis,棕櫚科,馬場町紀念公園,高灘地南區管理站,8.78575,23.566879,11.486719,116.1548,1051230,,300919.5471,2768027.908,121.504528,25.019461
XDMCD20013,蒲葵,Livistona chinensis,棕櫚科,馬場町紀念公園,高灘地南區管理站,7.54072,20.22293,7.154823,127.142667,1051230,,300916.7005,2768032.715,121.5045,25.019504
XDMCD20014,蒲葵,Livistona chinensis,棕櫚科,馬場町紀念公園,高灘地南區管理站,7.68862,22.929936,10.366423,116.1546,1051230,,300913.1232,2768036.861,121.504465,25.019542
XDMCD20015,蒲葵,Livistona chinensis,棕櫚科,馬場町紀念公園,高灘地南區管理站,7.82756,21.656051,7.828523,169.513667,1051230,,300910.4231,2768040.321,121.504439,25.019573
XDMCD20016,蒲葵,Livistona chinensis,棕櫚科,馬場町紀念公園,高灘地南區管理站,7.78171,21.33758,13.975409,161.234,1051230,,300921.7859,2768048.349,121.504551,25.019645
XDMCD20017,蒲葵,Livistona chinensis,棕櫚科,馬場町紀念公園,高灘地南區管理站,7.95965,20.700637,13.655145,107.2,1051230,,300924.1898,2768045.245,121.504575,25.019617
XDMCD20018,蒲葵,Livistona chinensis,棕櫚科,馬場町紀念公園,高灘地南區管理站,8.42639,25.159236,8.394704,102.664727,1051230,,300926.8262,2768041.872,121.504601,25.019587
XDMCD20019,蒲葵,Livistona chinensis,棕櫚科,馬場町紀念公園,高灘地南區管理站,8.16224,23.407643,10.168797,151.45275,1051230,,300929.5984,2768037.886,121.504628,25.01955
XDMCD20020,蒲葵,Livistona chinensis,棕櫚科,馬場町紀念公園,高灘地南區管理站,7.85586,24.681529,12.666436,169.92,1051230,,300932.0615,2768034.593,121.504653,25.019521
XDMCD20021,蒲葵,Livistona chinensis,棕櫚科,馬場町紀念公園,高灘地南區管理站,9.69846,25.159236,10.960845,98.420429,1051230,,300936.2363,2768036.907,121.504694,25.019541
XDMCD20022,蒲葵,Livistona chinensis,棕櫚科,馬場町紀念公園,高灘地南區管理站,8.39184,22.611465,7.529105,154.356,1051230,,300934.142,2768039.831,121.504674,25.019568
XDMCD20023,蒲葵,Livistona chinensis,棕櫚科,馬場町紀念公園,高灘地南區管理站,8.26225,21.019108,10.474651,82.594667,1051230,,300931.3665,2768043.466,121.504646,25.019601
XDMCD20024,蒲葵,Livistona chinensis,棕櫚科,馬場町紀念公園,高灘地南區管理站,8.33472,21.815287,10.452552,134.843556,1051230,,300927.5874,2768048.324,121.504609,25.019645
XDMCD20025,蒲葵,Livistona chinensis,棕櫚科,馬場町紀念公園,高灘地南區管理站,7.78305,21.33758,13.200419,91.347,1051230,,300924.9389,2768052.548,121.504583,25.019683
XDMCD20026,蒲葵,Livistona chinensis,棕櫚科,馬場町紀念公園,高灘地南區管理站,7.55133,21.33758,13.132782,148.75,1051230,,300928.3638,2768055.006,121.504617,25.019705
XDMCD20027,蒲葵,Livistona chinensis,棕櫚科,馬場町紀念公園,高灘地南區管理站,8.65284,22.611465,9.118699,121.0746,1051230,,300931.5185,2768051.296,121.504648,25.019671
XDMCD20028,蒲葵,Livistona chinensis,棕櫚科,馬場町紀念公園,高灘地南區管理站,7.84591,21.496815,9.369811,195.278667,1051230,,300934.5858,2768047.611,121.504678,25.019638
XDMCD20029,蒲葵,Livistona chinensis,棕櫚科,馬場町紀念公園,高灘地南區管理站,8.40289,22.452229,8.471912,103.07,1051230,,300937.23,2768043.796,121.504704,25.019604
XDMCD20030,蒲葵,Livistona chinensis,棕櫚科,馬場町紀念公園,高灘地南區管理站,9.06554,21.656051,7.488364,140.3554,1051230,,300940.0916,2768040.124,121.504732,25.01957
XD0FH20001,蒲葵,Livistona chinensis,棕櫚科,福和,高灘地南區管理站,9.72025,24.203822,35.24776,108.713,1060101,測量1.2m,303995.1997,2765749.789,121.534913,24.998787
XD0FH20002,蒲葵,Livistona chinensis,棕櫚科,福和,高灘地南區管理站,11.4334,24.522293,35.711547,334.886667,1060101,,303993.5685,2765750.204,121.534897,24.998791
XD0FH20003,蒲葵,Livistona chinensis,棕櫚科,福和,高灘地南區管理站,12.0727,23.248408,33.856401,118.1538,1060101,,303991.2972,2765750.269,121.534874,24.998792
XD0FH20004,蒲葵,Livistona chinensis,棕櫚科,福和,高灘地南區管理站,9.78092,23.566879,34.320188,208.86,1060101,,303988.6417,2765750.55,121.534848,24.998794
XD0FH20005,蒲葵,Livistona chinensis,棕櫚科,福和,高灘地南區管理站,9.73115,22.292994,32.465042,140.2645,1060101,,303986.128,2765751.11,121.534823,24.9988
XD0FH20006,蒲葵,Livistona chinensis,棕櫚科,福和,高灘地南區管理站,10.3036,21.974522,32.001256,172.50625,1060101,,303984.0607,2765750.812,121.534803,24.998797
XD0FH20007,蒲葵,Livistona chinensis,棕櫚科,福和,高灘地南區管理站,8.97,21.33758,31.073683,104.956,1060101,,303980.9563,2765750.839,121.534772,24.998797
XD0FH20008,蒲葵,Livistona chinensis,棕櫚科,福和,高灘地南區管理站,9.2973,22.292994,32.465042,130.045667,1060101,,303976.037,2765750.143,121.534723,24.998791
XD0FH20009,蒲葵,Livistona chinensis,棕櫚科,福和,高灘地南區管理站,9.72929,23.248408,33.856401,243.149,1060101,,303975.9132,2765753.468,121.534722,24.998821
XD0FH20010,蒲葵,Livistona chinensis,棕櫚科,福和,高灘地南區管理站,7.47441,21.656051,31.53747,153.564667,1060101,,303964.2835,2765753.788,121.534607,24.998825
XD0FH20011,蒲葵,Livistona chinensis,棕櫚科,福和,高灘地南區管理站,7.29795,22.292994,32.465042,216.250333,1060101,,303962.0416,2765754.058,121.534585,24.998827
XD0FH20012,大王椰子,Roystonea regia,棕櫚科,福和,高灘地南區管理站,11.2887,57.961783,27.098355,29.488682,1060101,,303799.7734,2766697.578,121.533014,25.007351
XD0FH20013,大王椰子,Roystonea regia,棕櫚科,福和,高灘地南區管理站,11.4379,44.904459,36.909186,41.166688,1060101,,303795.4275,2766702.726,121.532971,25.007398
XD0FH20014,大王椰子,Roystonea regia,棕櫚科,福和,高灘地南區管理站,12.9925,32.165605,32.405486,410.048,1060101,,303791.2352,2766713.121,121.53293,25.007492
XD0FH20015,大王椰子,Roystonea regia,棕櫚科,福和,高灘地南區管理站,15.5897,28.66242,38.88334,377.3076,1060101,,303791.0309,2766716.008,121.532928,25.007518
XD0FH20016,大王椰子,Roystonea regia,棕櫚科,福和,高灘地南區管理站,15.2522,41.242038,30.510268,375.796667,1060101,,303782.8748,2766762.017,121.532849,25.007933
XD0FH20017,大王椰子,Roystonea regia,棕櫚科,福和,高灘地南區管理站,13.7592,40.764331,27.523693,506.28,1060101,,303779.5869,2766766.886,121.532817,25.007977
XD0FH20018,大王椰子,Roystonea regia,棕櫚科,福和,高灘地南區管理站,12.3542,27.707006,15.267504,244.6085,1060101,,303779.2556,2766776.313,121.532814,25.008063
XD0FH20019,大王椰子,Roystonea regia,棕櫚科,福和,高灘地南區管理站,10.7768,32.643312,4.039774,190.2605,1060101,,303779.5766,2766784.672,121.532817,25.008138
XD0FH20020,大王椰子,Roystonea regia,棕櫚科,福和,高灘地南區管理站,10.4834,21.815287,4.769286,230.917667,1060101,,303779.5605,2766787.753,121.532817,25.008166
XD0FH20021,大王椰子,Roystonea regia,棕櫚科,福和,高灘地南區管理站,12.8349,38.694268,3.436283,271.310333,1060101,,303777.2501,2766784.998,121.532794,25.008141
XD0FH20022,蒲葵,Livistona chinensis,棕櫚科,福和,高灘地南區管理站,11.7816,22.292994,32.465042,363.5765,1060101,,303994.9453,2765751.736,121.534911,24.998805
XD0HZ20001,蒲葵,Livistona chinensis,棕櫚科,華中,高灘地南區管理站,10.8987,20.382166,11.602311,170.894364,1051216,,299510.5585,2768532.125,121.490586,25.02406
XD0HZ20002,蒲葵,Livistona chinensis,棕櫚科,華中,高灘地南區管理站,10.3986,20.382166,11.602311,159.095,1051216,,299512.2908,2768529.402,121.490603,25.024035
XD0HZ20003,蒲葵,Livistona chinensis,棕櫚科,華中,高灘地南區管理站,11.9012,22.611465,12.871314,155.631,1051216,,299514.4224,2768526.048,121.490624,25.024005
XD0HZ20004,蒲葵,Livistona chinensis,棕櫚科,華中,高灘地南區管理站,11.8361,21.815287,12.418099,128.677833,1051216,,299515.8385,2768522.704,121.490638,25.023974
XD0HZ20005,蒲葵,Livistona chinensis,棕櫚科,華中,高灘地南區管理站,12.5957,20.063694,11.421025,166.799,1051216,,299516.9438,2768519.763,121.490649,25.023948
XD0HZ20006,蒲葵,Livistona chinensis,棕櫚科,華中,高灘地南區管理站,11.337,23.248408,13.233886,155.207,1051216,,299518.0905,2768517.72,121.49066,25.023929
XD0HZ20007,蒲葵,Livistona chinensis,棕櫚科,華中,高灘地南區管理站,12.2808,23.248408,13.233886,163.494182,1051216,,299519.279,2768514.393,121.490672,25.023899
XD0HZ20008,蒲葵,Livistona chinensis,棕櫚科,華中,高灘地南區管理站,5.33149,19.585987,11.36323,44.997333,1051216,,299521.3358,2768509.497,121.490692,25.023855
XD0HZ20009,蒲葵,Livistona chinensis,棕櫚科,華中,高灘地南區管理站,13.6328,23.88535,13.857597,196.5158,1051216,,299522.6108,2768506.045,121.490705,25.023824
XD0HZ20010,蒲葵,Livistona chinensis,棕櫚科,華中,高灘地南區管理站,12.1771,23.248408,13.488061,122.416429,1051216,,299523.7051,2768503.122,121.490715,25.023797
XD0HZ20011,蒲葵,Livistona chinensis,棕櫚科,華中,高灘地南區管理站,10.8534,25.318471,14.689053,113.534167,1051216,,299524.9398,2768500.23,121.490728,25.023771
XD0HZ20012,蒲葵,Livistona chinensis,棕櫚科,華中,高灘地南區管理站,11.5015,27.388535,15.890045,194.1086,1051216,,299525.8353,2768497.364,121.490736,25.023745
XD0HZ20013,蒲葵,Livistona chinensis,棕櫚科,華中,高灘地南區管理站,12.393,27.070064,15.705277,170.4768,1051216,,299526.9265,2768494.536,121.490747,25.02372
XD0HZ20014,蒲葵,Livistona chinensis,棕櫚科,華中,高灘地南區管理站,10.5118,25.636943,14.873821,102.3896,1051216,,299528.3446,2768491.824,121.490761,25.023695
XD0HZ20015,蒲葵,Livistona chinensis,棕櫚科,華中,高灘地南區管理站,11.542,25,14.504285,175.972,1051216,,299529.2558,2768488.459,121.49077,25.023665
XD0HZ20016,蒲葵,Livistona chinensis,棕櫚科,華中,高灘地南區管理站,11.5187,24.840764,14.411901,187.8226,1051216,,299530.5891,2768485.351,121.490783,25.023637
XD0HZ20017,蒲葵,Livistona chinensis,棕櫚科,華中,高灘地南區管理站,11.9116,22.770701,13.210909,155.5202,1051216,,299529.8154,2768483.28,121.490775,25.023618
XD0HZ20018,棕櫚,Trachycarpus fortunei,棕櫚科,華中,高灘地南區管理站,3.21422,14.968153,11.577913,0,1051216,無托痕,299525.8788,2768474.066,121.490736,25.023535
XD0HZ20019,蒲葵,Livistona chinensis,棕櫚科,華中,高灘地南區管理站,9.34766,21.33758,12.800728,136.900222,1051216,,299534.8039,2768478.346,121.490825,25.023573
XD0HZ20020,蒲葵,Livistona chinensis,棕櫚科,華中,高灘地南區管理站,11.7334,25,22.340375,131.8785,1051216,,299536.3174,2768471.629,121.490839,25.023513
XD0HZ20021,蒲葵,Livistona chinensis,棕櫚科,華中,高灘地南區管理站,10.344,21.656051,12.955086,127.044167,1051216,,299538.4149,2768466.269,121.49086,25.023464
XD0HZ20022,蒲葵,Livistona chinensis,棕櫚科,華中,高灘地南區管理站,12.2715,25.796178,15.431794,129.446,1051216,,299539.1755,2768461.865,121.490867,25.023424
XD0HZ20023,蒲葵,Livistona chinensis,棕櫚科,華中,高灘地南區管理站,11.0071,25,14.955504,109.82,1051216,,299540.304,2768458.776,121.490878,25.023396
XD0HZ20024,蒲葵,Livistona chinensis,棕櫚科,華中,高灘地南區管理站,11.746,30.254777,18.099018,163.8022,1051216,,299540.5536,2768455.023,121.490881,25.023362
XD0HZ20025,蒲葵,Livistona chinensis,棕櫚科,華中,高灘地南區管理站,9.08668,20.859873,12.478797,136.574444,1051216,,299541.2674,2768451.889,121.490888,25.023334
XD0HZ20026,蒲葵,Livistona chinensis,棕櫚科,華中,高灘地南區管理站,12.3567,23.407643,14.002924,200.0665,1051216,,299542.445,2768448.645,121.490899,25.023305
XD0HZ20027,蒲葵,Livistona chinensis,棕櫚科,華中,高灘地南區管理站,12.3024,25.159236,15.050762,135.314833,1051216,,299544.1662,2768445.375,121.490916,25.023275
XD0HZ20028,蒲葵,Livistona chinensis,棕櫚科,華中,高灘地南區管理站,10.7448,22.611465,6.997888,167.8596,1051216,,299545.33,2768440.795,121.490927,25.023234
XD0HZ20029,蒲葵,Livistona chinensis,棕櫚科,華中,高灘地南區管理站,10.4748,22.133758,17.954497,140.974667,1051216,,299546.62,2768437.26,121.49094,25.023202
XD0HZ20030,蒲葵,Livistona chinensis,棕櫚科,華中,高灘地南區管理站,11.9533,28.503185,23.121258,149.219833,1051216,,299548.6807,2768432.826,121.49096,25.023162
XD0HZ20031,蒲葵,Livistona chinensis,棕櫚科,華中,高灘地南區管理站,10.9933,21.974522,17.825328,138.2124,1051216,,299550.7326,2768428.253,121.490981,25.02312
XD0HZ20032,蒲葵,Livistona chinensis,棕櫚科,華中,高灘地南區管理站,9.13996,25.796178,11.225227,123.8374,1051216,,299552.8826,2768423.928,121.491002,25.023081
XD0HZ20033,蒲葵,Livistona chinensis,棕櫚科,華中,高灘地南區管理站,10.9614,21.178344,10.344628,127.769667,1051216,,299555.6944,2768419.826,121.491029,25.023044
XD0HZ20034,蒲葵,Livistona chinensis,棕櫚科,華中,高灘地南區管理站,12.1823,21.33758,10.422407,110.928,1051216,,299557.8945,2768415.609,121.491051,25.023006
XD0HZ20035,蒲葵,Livistona chinensis,棕櫚科,華中,高灘地南區管理站,10.576,20.382166,9.955732,154.353,1051216,,299559.0703,2768412.241,121.491063,25.022976
XD0HZ20036,蒲葵,Livistona chinensis,棕櫚科,華中,高灘地南區管理站,11.1903,21.496815,10.500186,191.0205,1051216,,299559.9595,2768408.914,121.491071,25.022946
XD0HZ20037,蒲葵,Livistona chinensis,棕櫚科,華中,高灘地南區管理站,12.5091,22.929936,11.200199,145.297333,1051216,,299560.4363,2768406.53,121.491076,25.022924
XD0HZ20038,蒲葵,Livistona chinensis,棕櫚科,華中,高灘地南區管理站,11.3743,21.33758,10.422407,170.4114,1051216,,299559.9863,2768404.274,121.491071,25.022904
XD0HZ20039,蒲葵,Livistona chinensis,棕櫚科,華中,高灘地南區管理站,11.1084,26.592357,12.98912,109.162714,1051216,,299561.5009,2768402.222,121.491086,25.022885
XD0HZ20040,蒲葵,Livistona chinensis,棕櫚科,華中,高灘地南區管理站,10.4727,21.974522,10.733524,191.65525,1051216,,299562.8492,2768398.357,121.4911,25.02285
XD0HZ20041,蒲葵,Livistona chinensis,棕櫚科,華中,高灘地南區管理站,13.2588,25.636943,12.522445,115.546533,1051216,,299563.7858,2768395.88,121.491109,25.022828
XD0HZ20042,蒲葵,Livistona chinensis,棕櫚科,華中,高灘地南區管理站,10.8162,22.770701,11.12242,131.816727,1051216,,299565.4752,2768392.738,121.491125,25.022799
XD0HZ20043,蒲葵,Livistona chinensis,棕櫚科,華中,高灘地南區管理站,12.5679,25.159236,12.289107,175.1452,1051216,,299567.1807,2768388.394,121.491142,25.02276
XD0HZ20044,蒲葵,Livistona chinensis,棕櫚科,華中,高灘地南區管理站,7.5374,22.133758,10.811303,109.703,1051216,,299569.203,2768384.672,121.491162,25.022726
XD0HZ20045,蒲葵,Livistona chinensis,棕櫚科,華中,高灘地南區管理站,7.56696,21.33758,10.422407,123.750333,1051216,,299571.5641,2768380.996,121.491185,25.022693
XD0HZ20046,蒲葵,Livistona chinensis,棕櫚科,華中,高灘地南區管理站,11.258,24.522293,11.97799,184.9785,1051216,,299573.1791,2768376.643,121.491201,25.022654
XD0HZ20047,蒲葵,Livistona chinensis,棕櫚科,華中,高灘地南區管理站,12.2175,28.343949,13.84469,123.882125,1051216,,299574.2908,2768372.642,121.491212,25.022618
XD0HZ20048,蒲葵,Livistona chinensis,棕櫚科,華中,高灘地南區管理站,9.22223,21.656051,10.577966,143.166,1051216,,299575.74,2768369.073,121.491226,25.022585
XD0HZ20049,蒲葵,Livistona chinensis,棕櫚科,華中,高灘地南區管理站,12.782,20.063694,9.800174,258.156286,1051216,,299576.7473,2768365.595,121.491236,25.022554
XD0HZ20050,蒲葵,Livistona chinensis,棕櫚科,華中,高灘地南區管理站,11.8128,26.273885,12.833561,185.589091,1051216,,299578.3976,2768362.413,121.491252,25.022525
XD0HZ20051,蒲葵,Livistona chinensis,棕櫚科,華中,高灘地南區管理站,10.7245,27.707006,13.533574,113.113571,1051216,,299582.1162,2768354.498,121.491289,25.022454
XD0HZ20052,蒲葵,Livistona chinensis,棕櫚科,華中,高灘地南區管理站,11.4534,23.88535,11.666874,171.102,1051216,,299583.4263,2768351.394,121.491302,25.022426
XD0HZ20053,蒲葵,Livistona chinensis,棕櫚科,華中,高灘地南區管理站,10.7565,23.726115,11.198304,161.8876,1051216,,299585.5583,2768346.337,121.491323,25.02238
XD0HZ20054,蒲葵,Livistona chinensis,棕櫚科,華中,高灘地南區管理站,9.05436,19.426752,10.064059,94.225667,1051216,,299588.2217,2768337.862,121.491349,25.022303
XD0HZ20055,蒲葵,Livistona chinensis,棕櫚科,華中,高灘地南區管理站,10.7094,22.770701,4.295914,118.606,1051216,,299590.7757,2768334.198,121.491374,25.02227
XD0HZ20056,蒲葵,Livistona chinensis,棕櫚科,華中,高灘地南區管理站,10.2674,24.522293,4.626369,190.589,1051216,,299592.0079,2768330.783,121.491386,25.022239
XD0HZ20057,蒲葵,Livistona chinensis,棕櫚科,華中,高灘地南區管理站,9.24065,20.063694,3.785211,80.130615,1051216,,299593.5456,2768326.35,121.491401,25.022199
XD0HZ20058,蒲葵,Livistona chinensis,棕櫚科,華中,高灘地南區管理站,9.93488,19.904459,3.75517,135.82775,1051216,,299595.372,2768322.712,121.491419,25.022166
XD0HZ20059,蒲葵,Livistona chinensis,棕櫚科,華中,高灘地南區管理站,9.1037,23.88535,4.506203,169.003333,1051216,,299596.9755,2768319.559,121.491435,25.022138
XD0HZ20060,蒲葵,Livistona chinensis,棕櫚科,華中,高灘地南區管理站,8.54305,21.974522,0.540744,97.5308,1051216,,299598.9531,2768314.864,121.491454,25.022095
XD0HZ20061,蒲葵,Livistona chinensis,棕櫚科,華中,高灘地南區管理站,9.62704,21.019108,12.232447,175.81775,1051216,,299601.866,2768307.61,121.491483,25.02203
XD0HZ20062,蒲葵,Livistona chinensis,棕櫚科,華中,高灘地南區管理站,6.33352,21.974522,13.256336,116.683667,1051216,,299604.0927,2768303.626,121.491505,25.021994
XD0HZ20063,蒲葵,Livistona chinensis,棕櫚科,華中,高灘地南區管理站,8.59935,21.974522,10.755754,97.2502,1051216,,299605.6628,2768299.964,121.49152,25.02196
XD0HZ20064,蒲葵,Livistona chinensis,棕櫚科,華中,高灘地南區管理站,9.07462,22.452229,9.046698,157.241,1051216,,299607.0114,2768296.134,121.491533,25.021926
XD0HZ20065,蒲葵,Livistona chinensis,棕櫚科,華中,高灘地南區管理站,10.4587,21.33758,12.796918,130.584,1051216,,299608.3734,2768290.373,121.491547,25.021874
XD0HZ20066,蒲葵,Livistona chinensis,棕櫚科,華中,高灘地南區管理站,10.7857,22.292994,13.369915,95.35325,1051216,,299610.7019,2768286.302,121.49157,25.021837
XD0HZ20067,蒲葵,Livistona chinensis,棕櫚科,華中,高灘地南區管理站,6.67269,21.815287,5.931727,67.44075,1051216,,299624.6337,2768255.805,121.491707,25.021561
XD0HZ20068,蒲葵,Livistona chinensis,棕櫚科,華中,高灘地南區管理站,8.22497,25.796178,22.975361,135.543,1051216,,299626.964,2768243.021,121.491729,25.021446
XD0HZ20069,蒲葵,Livistona chinensis,棕櫚科,華中,高灘地南區管理站,7.24618,21.33758,19.004311,76.831333,1051216,,299629.3004,2768239.495,121.491752,25.021414
XD0HZ20070,蒲葵,Livistona chinensis,棕櫚科,華中,高灘地南區管理站,8.21082,26.751592,23.826301,142.0335,1051216,,299630.5939,2768236.966,121.491765,25.021391
XD0HZ20071,蒲葵,Livistona chinensis,棕櫚科,華中,高灘地南區管理站,7.67874,24.203822,21.557129,186.173,1051216,,299632.0299,2768233.734,121.491779,25.021362
XD0HZ20072,蒲葵,Livistona chinensis,棕櫚科,華中,高灘地南區管理站,8.07106,24.840764,22.124422,179.595667,1051216,,299633.4032,2768229.72,121.491793,25.021325
XD0HZ20073,蒲葵,Livistona chinensis,棕櫚科,華中,高灘地南區管理站,8.04037,21.815287,19.429781,125.245333,1051216,,299635.5634,2768227.334,121.491814,25.021304
XD0HZ20074,蒲葵,Livistona chinensis,棕櫚科,華中,高灘地南區管理站,8.48388,22.929936,20.422543,110.94,1051216,,299635.6309,2768224.625,121.491814,25.021279
XD0HZ20075,蒲葵,Livistona chinensis,棕櫚科,華中,高灘地南區管理站,9.15176,24.044586,21.415306,131.9718,1051216,,299637.2532,2768221.099,121.49183,25.021247
XD0HZ20076,蒲葵,Livistona chinensis,棕櫚科,華中,高灘地南區管理站,8.27444,25.477707,22.691715,221.624,1051216,,299638.5466,2768218.051,121.491843,25.02122
XD0HZ20077,蒲葵,Livistona chinensis,棕櫚科,華中,高灘地南區管理站,9.40048,22.929936,14.534974,159.793667,1051216,,299640.9503,2768209.988,121.491867,25.021147
XD0HZ20078,蒲葵,Livistona chinensis,棕櫚科,華中,高灘地南區管理站,8.84029,22.133758,14.030287,125.523667,1051216,,299642.161,2768206.793,121.491878,25.021118
XD0HZ20079,蒲葵,Livistona chinensis,棕櫚科,華中,高灘地南區管理站,8.01632,20.22293,12.819039,146.071667,1051216,,299643.2604,2768203.046,121.491889,25.021084
XD0HZ20080,蒲葵,Livistona chinensis,棕櫚科,華中,高灘地南區管理站,7.02443,18.630573,18.753155,114.741667,1051216,,299645.9491,2768196.948,121.491916,25.021029
XD0HZ20081,蒲葵,Livistona chinensis,棕櫚科,華中,高灘地南區管理站,6.87752,22.611465,21.94413,119.666,1051216,,299650.5323,2768192.299,121.491961,25.020987
XD0HZ20082,蒲葵,Livistona chinensis,棕櫚科,華中,高灘地南區管理站,8.34831,24.840764,24.107636,187.389333,1051216,,299651.166,2768189.138,121.491967,25.020958
XD0HZ20083,蒲葵,Livistona chinensis,棕櫚科,華中,高灘地南區管理站,8.58454,23.88535,23.180419,182.739333,1051216,,299652.3705,2768185.299,121.491979,25.020924
XD0HZ20084,蒲葵,Livistona chinensis,棕櫚科,華中,高灘地南區管理站,8.39927,22.929936,22.253203,161.972333,1051216,,299653.8786,2768181.415,121.491994,25.020889
XD0HZ20085,蒲葵,Livistona chinensis,棕櫚科,華中,高灘地南區管理站,2.69212,30.732484,29.825473,0,1051216,測量0.2m無托痕,299655.3806,2768177.227,121.492008,25.020851
XD0HZ20086,蒲葵,Livistona chinensis,棕櫚科,華中,高灘地南區管理站,7.35591,23.089172,22.407739,137.783667,1051216,,299658.2379,2768172.266,121.492037,25.020806
XD0HZ20087,蒲葵,Livistona chinensis,棕櫚科,華中,高灘地南區管理站,9.09889,23.726115,16.719414,200.181333,1051216,,299660.5359,2768161.484,121.492059,25.020708
XD0HZ20088,蒲葵,Livistona chinensis,棕櫚科,華中,高灘地南區管理站,8.48692,23.566879,29.557201,354.4025,1051216,,299667.1994,2768153.032,121.492125,25.020632
XD0HZ20089,蒲葵,Livistona chinensis,棕櫚科,華中,高灘地南區管理站,8.31264,25.636943,28.95024,177.496,1051216,,299668.7654,2768148.674,121.49214,25.020593
XD0HZ20090,蒲葵,Livistona chinensis,棕櫚科,華中,高灘地南區管理站,8.28821,23.248408,28.865158,166.045667,1051216,,299669.2645,2768145.018,121.492145,25.02056
XD0HZ20091,蒲葵,Livistona chinensis,棕櫚科,華中,高灘地南區管理站,7.81579,19.745223,27.219872,198.037333,1051216,,299671.3641,2768135.232,121.492165,25.020471
XD0HZ20092,蒲葵,Livistona chinensis,棕櫚科,華中,高灘地南區管理站,7.86444,20.859873,27.389304,176.831,1051216,,299673.7399,2768131.311,121.492189,25.020436
XD0HZ20093,蒲葵,Livistona chinensis,棕櫚科,華中,高灘地南區管理站,8.50801,22.770701,16.682958,142.71375,1051216,,299677.8318,2768118.089,121.492229,25.020316
XD0HZ20094,蒲葵,Livistona chinensis,棕櫚科,華中,高灘地南區管理站,7.44098,23.726115,10.680563,170.037667,1051216,,299682.3879,2768112.729,121.492274,25.020268
XD0HZ20095,蒲葵,Livistona chinensis,棕櫚科,華中,高灘地南區管理站,7.77412,24.840764,24.107636,0,1051216,,299659.4649,2768167.774,121.492049,25.020765
XD0HZ20096,黃椰子,Chrysalidocarpus,棕櫚科,華中,高灘地南區管理站,5.32575,6.369427,18.402573,82.11575,1051227,,299998.0389,2767635.176,121.495384,25.015946
XD0HZ20097,黃椰子,Chrysalidocarpus,棕櫚科,華中,高灘地南區管理站,8.9931,8.917197,31.074717,126.3728,1051227,,299997.4117,2767631.858,121.495378,25.015916
XD0HZ20098,黃椰子,Chrysalidocarpus,棕櫚科,華中,高灘地南區管理站,6.61886,0,22.870779,45.9636,1051227,叢生,299992.6434,2767617.559,121.49533,25.015787
XD0HZ20099,黃椰子,Chrysalidocarpus,棕櫚科,華中,高灘地南區管理站,8.17898,0,21.046559,73.768333,1051227,叢生,299993.9681,2767513.053,121.495339,25.014843
XD0HZ20100,黃椰子,Chrysalidocarpus,棕櫚科,華中,高灘地南區管理站,7.51529,0,19.338719,95.595455,1051227,叢生,299993.7108,2767513.011,121.495337,25.014843
XD0HZ20101,黃椰子,Chrysalidocarpus,棕櫚科,華中,高灘地南區管理站,7.34373,0,18.897252,34.511286,1051227,叢生,299993.9517,2767512.827,121.495339,25.014841
XD0HZ20102,黃椰子,Chrysalidocarpus,棕櫚科,華中,高灘地南區管理站,5.75141,0,14.799815,64.8546,1051227,叢生,299994.0384,2767511.984,121.49534,25.014834
XD0HZ20103,黃椰子,Chrysalidocarpus,棕櫚科,華中,高灘地南區管理站,6.51405,0,16.762278,91.3204,1051227,叢生,299993.3174,2767507.748,121.495332,25.014796
XD0HZ20104,黃椰子,Chrysalidocarpus,棕櫚科,華中,高灘地南區管理站,6.36208,0,16.371221,71.874,1051227,叢生,299993.5259,2767505.903,121.495334,25.014779
XD0HZ20105,黃椰子,Chrysalidocarpus,棕櫚科,華中,高灘地南區管理站,4.38091,0,11.273176,67.122,1051227,叢生,299994.982,2767503.425,121.495349,25.014756
XD0HZ20106,黃椰子,Chrysalidocarpus,棕櫚科,華中,高灘地南區管理站,5.93501,0,15.272263,62.794167,1051227,叢生,299994.5663,2767500.99,121.495345,25.014735
XD0HZ20107,黃椰子,Chrysalidocarpus,棕櫚科,華中,高灘地南區管理站,5.74049,7.961783,14.771715,84.401,1051227,,299995.167,2767500.227,121.495351,25.014728
XD0HZ20108,黃椰子,Chrysalidocarpus,棕櫚科,華中,高灘地南區管理站,5.60527,0,14.42376,65.9004,1051227,叢生,299996.1096,2767500.036,121.49536,25.014726
XD0HZ20109,黃椰子,Chrysalidocarpus,棕櫚科,華中,高灘地南區管理站,5.59339,0,14.39319,43.615556,1051227,叢生,299995.3183,2767499.311,121.495352,25.014719
XD0HZ20110,黃椰子,Chrysalidocarpus,棕櫚科,華中,高灘地南區管理站,6.81633,0,17.54012,30.131571,1051227,叢生,299995.3549,2767498.51,121.495352,25.014712
XD0HZ20111,黃椰子,Chrysalidocarpus,棕櫚科,華中,高灘地南區管理站,5.84098,0,15.030301,84.868545,1051227,叢生,299994.7041,2767496.192,121.495346,25.014691
XD0HZ20112,黃椰子,Chrysalidocarpus,棕櫚科,華中,高灘地南區管理站,6.07935,0,15.643686,65.6076,1051227,叢生,299994.3098,2767493.198,121.495342,25.014664
XD0HZ20113,黃椰子,Chrysalidocarpus,棕櫚科,華中,高灘地南區管理站,6.14638,0,19.720312,71.6626,1051227,叢生,299993.0863,2767483.079,121.495329,25.014573
XD0HZ20114,黃椰子,Chrysalidocarpus,棕櫚科,華中,高灘地南區管理站,5.89078,0,18.900234,81.5884,1051227,叢生,299993.1689,2767479.419,121.49533,25.01454
XD0HZ20115,黃椰子,Chrysalidocarpus,棕櫚科,華中,高灘地南區管理站,6.20123,0,19.896295,96.049667,1051227,叢生,299993.5089,2767476.724,121.495333,25.014515
XD0HZ20116,黃椰子,Chrysalidocarpus,棕櫚科,華中,高灘地南區管理站,6.04399,0,19.391799,89.2805,1051227,叢生,299993.4292,2767474.017,121.495332,25.014491
XD0HZ20117,黃椰子,Chrysalidocarpus,棕櫚科,華中,高灘地南區管理站,5.7114,0,18.324703,60.781636,1051227,叢生,299994.2208,2767471.452,121.49534,25.014468
XD0HZ20118,黃椰子,Chrysalidocarpus,棕櫚科,華中,高灘地南區管理站,6.36545,0,20.423186,89.969,1051227,叢生,299994.3447,2767469.767,121.495341,25.014453
XD0HZ20119,黃椰子,Chrysalidocarpus,棕櫚科,華中,高灘地南區管理站,4.61989,0,14.822655,53.1648,1051227,叢生,299994.0685,2767469.398,121.495339,25.014449
XD0HZ20120,黃椰子,Chrysalidocarpus,棕櫚科,華中,高灘地南區管理站,5.58713,0,17.92599,98.185667,1051227,叢生,299993.9199,2767467.723,121.495337,25.014434
XD0HZ20121,黃椰子,Chrysalidocarpus,棕櫚科,華中,高灘地南區管理站,4.90286,0,15.730548,83.4774,1051227,叢生,299994.0641,2767466.47,121.495338,25.014423
XD0HZ20122,黃椰子,Chrysalidocarpus,棕櫚科,華中,高灘地南區管理站,6.49772,0,20.847566,76.2554,1051227,叢生,299994.3224,2767464.837,121.495341,25.014408
XD0HZ20123,黃椰子,Chrysalidocarpus,棕櫚科,華中,高灘地南區管理站,7.14913,0,22.937578,118.8445,1051227,叢生,299994.4223,2767462.342,121.495342,25.014386
XD0HZ20124,黃椰子,Chrysalidocarpus,棕櫚科,華中,高灘地南區管理站,5.05649,0,13.075255,92.77325,1051227,叢生,299992.6398,2767456.657,121.495324,25.014334
XD0HZ20125,黃椰子,Chrysalidocarpus,棕櫚科,華中,高灘地南區管理站,6.89715,0,17.8349,70.437167,1051227,叢生,299992.8326,2767454.372,121.495326,25.014314
XD0HZ20126,黃椰子,Chrysalidocarpus,棕櫚科,華中,高灘地南區管理站,6.74138,0,17.432105,158.770333,1051227,叢生,299992.8163,2767451.622,121.495325,25.014289
XD0HZ20127,黃椰子,Chrysalidocarpus,棕櫚科,華中,高灘地南區管理站,5.98131,0,15.466688,74.0682,1051227,叢生,299991.9564,2767448.499,121.495317,25.014261
XD0HZ20128,黃椰子,Chrysalidocarpus,棕櫚科,華中,高灘地南區管理站,7.56879,0,19.571651,108.826,1051227,叢生,299992.1596,2767443.399,121.495319,25.014215
XD0HZ20129,黃椰子,Chrysalidocarpus,棕櫚科,華中,高灘地南區管理站,6.4381,0,16.647872,80,1051227,叢生,299992.7972,2767441.371,121.495325,25.014196
XD0HZ20130,黃椰子,Chrysalidocarpus,棕櫚科,華中,高灘地南區管理站,6.04091,0,15.620804,118.807556,1051227,叢生,299992.6187,2767440.078,121.495323,25.014185
XD0HZ20131,黃椰子,Chrysalidocarpus,棕櫚科,華中,高灘地南區管理站,6.48831,0,16.777707,64.828429,1051227,叢生,299992.2639,2767438.777,121.49532,25.014173
XD0HZ20132,黃椰子,Chrysalidocarpus,棕櫚科,華中,高灘地南區管理站,6.68282,0,17.280678,74.663,1051227,叢生,299992.2596,2767432.782,121.495319,25.014119
XD0HZ20133,黃椰子,Chrysalidocarpus,棕櫚科,華中,高灘地南區管理站,6.33849,0,16.390297,94.411,1051227,叢生,299991.6862,2767424.668,121.495313,25.014046
XD0HZ20134,黃椰子,Chrysalidocarpus,棕櫚科,華中,高灘地南區管理站,5.7388,0,14.839597,75.9806,1051227,叢生,299993.2116,2767422.701,121.495328,25.014028
XD0HZ20135,黃椰子,Chrysalidocarpus,棕櫚科,華中,高灘地南區管理站,5.94326,0,15.368297,142.35,1051227,叢生,299992.7513,2767421.141,121.495324,25.014014
XD0HZ20136,黃椰子,Chrysalidocarpus,棕櫚科,華中,高灘地南區管理站,5.05465,0,7.895852,105.778,1051227,叢生,299991.313,2767416.307,121.495309,25.01397
XD0HZ20137,黃椰子,Chrysalidocarpus,棕櫚科,華中,高灘地南區管理站,6.17721,0,21.880902,82.113,1051227,叢生,299991.9279,2767404.597,121.495315,25.013864
XD0HZ20138,黃椰子,Chrysalidocarpus,棕櫚科,華中,高灘地南區管理站,6.29385,0,22.294064,89.0315,1051227,叢生,299992.4411,2767400.723,121.49532,25.013829
XD0HZ20139,黃椰子,Chrysalidocarpus,棕櫚科,華中,高灘地南區管理站,5.90341,0,15.476685,87.8405,1051227,叢生,299991.811,2767392.321,121.495313,25.013754
XD0HZ20140,黃椰子,Chrysalidocarpus,棕櫚科,華中,高灘地南區管理站,6.64998,0,17.433931,96.043,1051227,叢生,299991.705,2767389.152,121.495312,25.013725
XD0HZ20141,黃椰子,Chrysalidocarpus,棕櫚科,華中,高灘地南區管理站,6.23665,0,16.350324,87.36725,1051227,叢生,299991.5621,2767386.558,121.495311,25.013702
XD0HZ20142,黃椰子,Chrysalidocarpus,棕櫚科,華中,高灘地南區管理站,6.36396,0,16.684086,81.7376,1051227,叢生,299990.5866,2767384.757,121.495301,25.013685
XD0HZ20143,黃椰子,Chrysalidocarpus,棕櫚科,華中,高灘地南區管理站,7.65148,0,20.059515,57.48075,1051227,叢生,299990.3397,2767382.853,121.495298,25.013668
XD0HZ20144,黃椰子,Chrysalidocarpus,棕櫚科,華中,高灘地南區管理站,6.75514,9.872611,17.709624,108.332444,1051227,,299992.4371,2767380.704,121.495319,25.013649
XD0HZ20145,黃椰子,Chrysalidocarpus,棕櫚科,華中,高灘地南區管理站,6.65458,0,17.445991,101.15525,1051227,叢生,299992.4091,2767378.841,121.495319,25.013632
XD0HZ20146,黃椰子,Chrysalidocarpus,棕櫚科,華中,高灘地南區管理站,5.82407,0,16.160012,112.98475,1051227,叢生,300025.9865,2767377.325,121.495651,25.013617
XD0HZ20147,黃椰子,Chrysalidocarpus,棕櫚科,華中,高灘地南區管理站,4.56998,0,12.680296,128.444333,1051227,叢生,300026.713,2767380.228,121.495659,25.013643
XD0HZ20148,黃椰子,Chrysalidocarpus,棕櫚科,華中,高灘地南區管理站,5.56581,0,15.443419,58.084667,1051227,叢生,300028.0074,2767386.271,121.495672,25.013698
XD0HZ20149,黃椰子,Chrysalidocarpus,棕櫚科,華中,高灘地南區管理站,5.9111,0,16.401494,59.297067,1051227,叢生,300027.7249,2767388.354,121.495669,25.013717
XD0HZ20150,黃椰子,Chrysalidocarpus,棕櫚科,華中,高灘地南區管理站,2.33548,0,5.879932,0,1051227,無法測量,300026.8391,2767396.683,121.495661,25.013792
XD0HZ20151,黃椰子,Chrysalidocarpus,棕櫚科,華中,高灘地南區管理站,2.16964,0,5.462404,0,1051227,無法測量,300026.4636,2767400.317,121.495657,25.013825
XD0HZ20152,黃椰子,Chrysalidocarpus,棕櫚科,華中,高灘地南區管理站,6.52398,0,16.425128,79.2448,1051227,叢生,300028.4763,2767404.475,121.495677,25.013862
XD0HZ20153,黃椰子,Chrysalidocarpus,棕櫚科,華中,高灘地南區管理站,4.48738,0,11.297673,50.752833,1051227,測量1.6m叢生,300027.7673,2767407.76,121.49567,25.013892
XD0HZ20154,黃椰子,Chrysalidocarpus,棕櫚科,華中,高灘地南區管理站,4.81235,0,12.115835,32.813667,1051227,叢生,300029.2578,2767412.419,121.495685,25.013934
XD0HZ20155,黃椰子,Chrysalidocarpus,棕櫚科,華中,高灘地南區管理站,5.58776,0,14.06805,57.170182,1051227,叢生,300027.9294,2767415.64,121.495672,25.013963
XD0HZ20156,黃椰子,Chrysalidocarpus,棕櫚科,華中,高灘地南區管理站,6.04724,0,15.224862,113.35525,1051227,叢生,300028.1231,2767417.941,121.495674,25.013984
XD0HZ20157,黃椰子,Chrysalidocarpus,棕櫚科,華中,高灘地南區管理站,4.21636,0,10.615338,55.59975,1051227,叢生,300028.924,2767430.853,121.495682,25.0141
XD0HZ20158,黃椰子,Chrysalidocarpus,棕櫚科,華中,高灘地南區管理站,6.06757,0,15.276046,62.315846,1051227,叢生,300028.9023,2767434.753,121.495682,25.014135
XD0HZ20159,黃椰子,Chrysalidocarpus,棕櫚科,華中,高灘地南區管理站,6.48751,0,16.33331,66.3682,1051227,叢生,300027.565,2767436.911,121.495669,25.014155
XD0HZ20160,黃椰子,Chrysalidocarpus,棕櫚科,華中,高灘地南區管理站,5.7271,0,14.41886,52.727333,1051227,叢生,300028.3589,2767440.634,121.495677,25.014189
XD0HZ20161,黃椰子,Chrysalidocarpus,棕櫚科,華中,高灘地南區管理站,6.03526,0,15.1947,57.397167,1051227,叢生,300028.2231,2767448.887,121.495676,25.014263
XD0HZ20162,黃椰子,Chrysalidocarpus,棕櫚科,華中,高灘地南區管理站,5.29895,0,13.340926,98.67775,1051227,叢生,300027.0407,2767449.947,121.495665,25.014273
XD0HZ20163,黃椰子,Chrysalidocarpus,棕櫚科,華中,高灘地南區管理站,4.50846,0,11.350745,78.4616,1051227,叢生,300028.158,2767453.147,121.495676,25.014301
XD0HZ20164,黃椰子,Chrysalidocarpus,棕櫚科,華中,高灘地南區管理站,5.51677,0,13.889321,53.876333,1051227,叢生,300028.3825,2767460.517,121.495678,25.014368
XD0HZ20165,黃椰子,Chrysalidocarpus,棕櫚科,華中,高灘地南區管理站,5.99233,0,15.086617,149.164333,1051227,叢生,300028.6714,2767463.511,121.495681,25.014395
XD0HZ20166,黃椰子,Chrysalidocarpus,棕櫚科,華中,高灘地南區管理站,7.25854,0,18.274497,81.777636,1051227,叢生,300028.248,2767464.714,121.495677,25.014406
XD0HZ20167,黃椰子,Chrysalidocarpus,棕櫚科,華中,高灘地南區管理站,8.18394,0,20.604334,138.755,1051227,叢生,300027.8644,2767467.185,121.495673,25.014428
XD0HZ20168,黃椰子,Chrysalidocarpus,棕櫚科,華中,高灘地南區管理站,6.15647,0,15.499865,65.867857,1051227,叢生,300030.5596,2767472.504,121.4957,25.014476
XD0HZ20169,黃椰子,Chrysalidocarpus,棕櫚科,華中,高灘地南區管理站,11.4179,8.757962,54.17309,94.328333,1051227,,300028.7554,2767506.872,121.495684,25.014786
XD0HZ20170,黃椰子,Chrysalidocarpus,棕櫚科,華中,高灘地南區管理站,6.87716,0,32.629206,157.89475,1051227,DBH<6,300027.1913,2767507.332,121.495668,25.014791
XD0HZ20171,黃椰子,Chrysalidocarpus,棕櫚科,華中,高灘地南區管理站,7.06214,6.847134,33.506857,176.01125,1051227,,300025.2569,2767507.168,121.495649,25.014789
XD0HZ20172,黃椰子,Chrysalidocarpus,棕櫚科,華中,高灘地南區管理站,7.96194,0,37.776027,96.997167,1051227,叢生,300025.475,2767508.526,121.495651,25.014802
XD0HZ20173,黃椰子,Chrysalidocarpus,棕櫚科,華中,高灘地南區管理站,6.97072,0,33.073108,69.7402,1051227,,300028.9061,2767514.816,121.495685,25.014858
XD0HZ20174,蒲葵,Livistona chinensis,棕櫚科,華中,高灘地南區管理站,6.13641,32.324841,3.60486,149.373,1051227,,300054.421,2767634.971,121.495943,25.015942
XD0HZ20175,蒲葵,Livistona chinensis,棕櫚科,華中,高灘地南區管理站,4.29977,34.394904,1.383824,97.6945,1051227,,300054.0846,2767639.622,121.495939,25.015984
XD0HZ20176,蒲葵,Livistona chinensis,棕櫚科,華中,高灘地南區管理站,4.84407,27.547771,1.683939,100.7095,1051227,,300057.9988,2767638.292,121.495978,25.015972
XD0HZ20177,棍棒椰子,Mascarena verschaffeltii,棕櫚科,華中,高灘地南區管理站,3.15873,20.063694,0.534332,89.8316,1051228,,300308.503,2767652.847,121.498461,25.016095
XD0HZ20178,棍棒椰子,Mascarena verschaffeltii,棕櫚科,華中,高灘地南區管理站,3.68348,19.585987,0.538707,71.082667,1051228,,300306.7287,2767653.406,121.498443,25.0161
XD0HZ20179,棍棒椰子,Mascarena verschaffeltii,棕櫚科,華中,高灘地南區管理站,3.10967,20.063694,0.481971,104.368,1051228,,300304.911,2767653.435,121.498425,25.016101
XD0HZ20180,棍棒椰子,Mascarena verschaffeltii,棕櫚科,華中,高灘地南區管理站,3.14962,16.242038,0.591211,133.160667,1051228,,300302.5533,2767652.803,121.498402,25.016095
XD0HZ20181,棍棒椰子,Mascarena verschaffeltii,棕櫚科,華中,高灘地南區管理站,2.74147,19.745223,0.835952,58.716,1051228,,300300.9758,2767653.149,121.498386,25.016098
XD0HZ20182,棍棒椰子,Mascarena verschaffeltii,棕櫚科,華中,高灘地南區管理站,4.08438,17.515924,0.438025,125.3505,1051228,,300299.4655,2767653.307,121.498371,25.0161
XD0HZ20183,棍棒椰子,Mascarena verschaffeltii,棕櫚科,華中,高灘地南區管理站,2.65841,22.611465,0.565451,85.4396,1051228,,300299.4358,2767653.012,121.498371,25.016097
XD0HZ20184,棍棒椰子,Mascarena verschaffeltii,棕櫚科,華中,高灘地南區管理站,3.16549,23.566879,1.115385,113.1525,1051228,測量1.1m,300300.6099,2767650.652,121.498382,25.016076
XD0HZ20185,棍棒椰子,Mascarena verschaffeltii,棕櫚科,華中,高灘地南區管理站,3.27368,22.611465,1.041319,117.5105,1051228,,300294.5814,2767649.765,121.498322,25.016068
XD0HZ20186,棍棒椰子,Mascarena verschaffeltii,棕櫚科,華中,高灘地南區管理站,2.8814,16.878981,1.061105,124.641333,1051228,測量1m,300295.6295,2767648.324,121.498333,25.016055
XD0HZ20187,棍棒椰子,Mascarena verschaffeltii,棕櫚科,華中,高灘地南區管理站,3.5956,18.789809,1.18123,90.382,1051228,,300296.0184,2767647.216,121.498337,25.016045
XD0HZ20188,棍棒椰子,Mascarena verschaffeltii,棕櫚科,華中,高灘地南區管理站,3.39812,28.025478,0.960011,103.2972,1051228,,300296.653,2767644.136,121.498343,25.016017
XD0HZ20189,棍棒椰子,Mascarena verschaffeltii,棕櫚科,華中,高灘地南區管理站,3.58725,14.012739,0.480006,223.757,1051228,,300296.8483,2767643.459,121.498345,25.016011
XD0HZ20190,棍棒椰子,Mascarena verschaffeltii,棕櫚科,華中,高灘地南區管理站,3.52248,16.401274,0.46155,227.336,1051228,,300297.7058,2767641.9,121.498353,25.015997
XD0HZ20191,棍棒椰子,Mascarena verschaffeltii,棕櫚科,華中,高灘地南區管理站,3.21602,22.292994,0.62735,86.4828,1051228,,300297.8981,2767641.428,121.498355,25.015992
XD0HZ20192,蒲葵,Livistona chinensis,棕櫚科,華中,高灘地南區管理站,5.06645,25.796178,32.224721,106.422,1051229,,300670.0548,2767715.832,121.502045,25.016652
XD0HZ20193,蒲葵,Livistona chinensis,棕櫚科,華中,高灘地南區管理站,4.86547,23.88535,29.837704,103.203,1051229,,300674.3116,2767718.179,121.502087,25.016673
XD0HZ20194,蒲葵,Livistona chinensis,棕櫚科,華中,高灘地南區管理站,5.15839,27.229299,34.014983,96.882,1051229,,300679.2194,2767720.401,121.502136,25.016693
XD0HZ20195,蒲葵,Livistona chinensis,棕櫚科,華中,高灘地南區管理站,4.33214,26.751592,33.418229,60.8885,1051229,,300681.4591,2767722.287,121.502158,25.01671
XD0HZ20196,蒲葵,Livistona chinensis,棕櫚科,華中,高灘地南區管理站,4.77461,0,26.736724,0,1051229,無法測量,300720.3282,2767794.622,121.502546,25.017361
XD0HZ20197,蒲葵,Livistona chinensis,棕櫚科,華中,高灘地南區管理站,3.63361,23.407643,7.569515,81.4837,1051229,測量1m,300363.9589,2767400.465,121.499001,25.013815
XD0HZ20198,蒲葵,Livistona chinensis,棕櫚科,華中,高灘地南區管理站,3.84112,23.566879,18.561032,119.601,1051229,,300333.7729,2767384.773,121.498701,25.013674
XD0HZ20199,蒲葵,Livistona chinensis,棕櫚科,華中,高灘地南區管理站,4.53497,29.458599,15.01284,132.218,1051229,,300333.8889,2767376.708,121.498702,25.013601
XD0HZ20200,蒲葵,Livistona chinensis,棕櫚科,華中,高灘地南區管理站,4.97396,26.11465,16.434545,147.117,1051229,,300330.9675,2767411.865,121.498674,25.013919
XD0HZ20201,蒲葵,Livistona chinensis,棕櫚科,華中,高灘地南區管理站,4.71246,26.751592,15.23514,164.783,1051229,,300336.6359,2767410.835,121.49873,25.013909
XD0HZ20202,羅比親王海棗,Phoenix humilis,棕櫚科,華中,高灘地南區管理站,3.80653,10.031847,14.246818,0,1051229,,300335.9034,2767557.986,121.498729,25.015238
XD0HZ20203,蒲葵,Livistona chinensis,棕櫚科,華中,高灘地南區管理站,3.66957,25.477707,9.130461,113.11,1051229,,300297.2196,2767529.934,121.498344,25.014986
XD0HZ20204,蒲葵,Livistona chinensis,棕櫚科,華中,高灘地南區管理站,3.62022,24.522293,10.266562,55.7505,1051229,,300307.8689,2767533.315,121.49845,25.015016
XD0HZ20205,黃椰子,Chrysalidocarpus,棕櫚科,華中,高灘地南區管理站,2.91157,0,17.748334,0,1051229,,300321.0043,2767550.63,121.498581,25.015172
SS0SX20001,黃椰子,Chrysalidocarpus,棕櫚科,雙溪,高灘地北區管理站,5.14081,0,1.601655,37.518571,1051104,叢生,302581.8671,2776829.128,121.521335,25.098861
SS0SX20002,檳榔,Areca catechu,棕櫚科,雙溪,高灘地北區管理站,6.92693,10.191083,1.163214,71.934,1051104,,304396.9952,2776843.701,121.539331,25.098928
SS0SX20003,黃椰子,Chrysalidocarpus,棕櫚科,雙溪,高灘地北區管理站,3.6325,0,0.95265,26.010667,1051104,脫痕6CM叢生,302822.5754,2776828.115,121.523721,25.098843
SS0SX20004,黃椰子,Chrysalidocarpus,棕櫚科,雙溪,高灘地北區管理站,3.9196,0,0.95265,27.791833,1051104,脫痕6CM叢生,302824.9967,2776830.169,121.523745,25.098862
SS0SX20005,黃椰子,Chrysalidocarpus,棕櫚科,雙溪,高灘地北區管理站,4.40702,0,0.95265,21.8992,1051104,脫痕10CM叢生,302846.066,2776835.388,121.523954,25.098908
SS0SX20006,黃椰子,Chrysalidocarpus,棕櫚科,雙溪,高灘地北區管理站,4.5386,0,0.95265,24.3251,1051104,脫痕10CM叢生,302847.7393,2776835.323,121.523971,25.098907
SS0SX20007,黃椰子,Chrysalidocarpus,棕櫚科,雙溪,高灘地北區管理站,3.75771,0,0.95265,23.236625,1051104,脫痕8CM叢生,302849.4684,2776836.647,121.523988,25.098919
SS0SX20008,黃椰子,Chrysalidocarpus,棕櫚科,雙溪,高灘地北區管理站,3.01964,0,3.981975,22.228714,1051104,脫痕7CM叢生,302822.3088,2776821.182,121.523718,25.098781
SS0SX20009,大王椰子,Roystonea regia,棕櫚科,雙溪,高灘地北區管理站,6.1,11.464968,9.238697,20.4672,1051104,脫痕15CM,302950.9374,2776919.898,121.524997,25.099667
SS0SX20010,黃椰子,Chrysalidocarpus,棕櫚科,雙溪,高灘地北區管理站,4.01617,0,7.808881,15.7683,1051104,托痕10CM叢生,303051.974,2776936.533,121.526,25.099814
SS0SX20011,黃椰子,Chrysalidocarpus,棕櫚科,雙溪,高灘地北區管理站,5.17546,0,1.399811,38.282429,1051104,無法測量/無明顯主幹叢生,303663.0358,2776976.634,121.53206,25.100154
KLCML20001,臺灣海棗,Phoenix hanceana,棕櫚科,成美左岸,高灘地東區管理站,10.3212,39.808917,19.475257,90.944,1051104,,308869.6921,2771793.973,121.583459,25.053172
KLCML20002,臺灣海棗,Phoenix hanceana,棕櫚科,成美左岸,高灘地東區管理站,3.29701,46.974522,6.945421,18.836714,1051104,,308907.0513,2771796.513,121.583829,25.053194
KLCML20003,臺灣海棗,Phoenix hanceana,棕櫚科,成美左岸,高灘地東區管理站,2.7297,34.076433,4.732491,15.771857,1051104,測量0.3M,308914.248,2771798.947,121.583901,25.053215
KLCML20004,臺灣海棗,Phoenix hanceana,棕櫚科,成美左岸,高灘地東區管理站,2.60989,26.751592,6.632763,12.267757,1051104,測量0.3M,308920.4922,2771801.275,121.583963,25.053236
KLCML20005,臺灣海棗,Phoenix hanceana,棕櫚科,成美左岸,高灘地東區管理站,2.48159,33.757962,6.207788,13,1051104,測量0.3M,308956.7931,2771812.599,121.584323,25.053337
KLCML20006,臺灣海棗,Phoenix hanceana,棕櫚科,成美左岸,高灘地東區管理站,2.87146,32.643312,6.467083,15,1051104,測量0.7M,308979.3357,2771820.219,121.584547,25.053405
KLCML20007,臺灣海棗,Phoenix hanceana,棕櫚科,成美左岸,高灘地東區管理站,3.70727,34.713376,5.21438,24.713571,1051104,,308987.5907,2771823.606,121.584629,25.053435
KLCML20008,臺灣海棗,Phoenix hanceana,棕櫚科,成美左岸,高灘地東區管理站,3.42969,43.312102,6.506015,22.562286,1051104,,308989.4957,2771824.241,121.584648,25.053441
KLCML20009,臺灣海棗,Phoenix hanceana,棕櫚科,成美左岸,高灘地東區管理站,3.87017,38.375796,5.764521,20.717286,1051104,,308988.649,2771825.723,121.584639,25.053454
KLCML20010,臺灣海棗,Phoenix hanceana,棕櫚科,成美左岸,高灘地東區管理站,3.40859,40.764331,18.044053,18.946571,1051104,測量0.7M,308998.4915,2771826.781,121.584737,25.053463
KLCML20011,臺灣海棗,Phoenix hanceana,棕櫚科,成美左岸,高灘地東區管理站,3.07932,46.496815,20.581498,16.836571,1051104,測量0.3M,309001.4549,2771827.734,121.584766,25.053472
KLCML20012,臺灣海棗,Phoenix hanceana,棕櫚科,成美左岸,高灘地東區管理站,2.94464,32.484076,6.221486,13.746443,1051104,測量0.7M,309009.8157,2771831.332,121.584849,25.053504
KLCML20013,臺灣海棗,Phoenix hanceana,棕櫚科,成美左岸,高灘地東區管理站,3.65693,47.770701,7.181018,17.136857,1051104,測量1M,309015.9541,2771833.237,121.58491,25.053521
KLCML20014,臺灣海棗,Phoenix hanceana,棕櫚科,成美左岸,高灘地東區管理站,3.11767,32.484076,6.298657,15.080857,1051104,測量0.7M,309027.2783,2771837.894,121.585023,25.053562
KLCML20015,臺灣海棗,Phoenix hanceana,棕櫚科,成美左岸,高灘地東區管理站,3.33318,37.420382,7.255806,19.254,1051104,測量1M,309029.4214,2771837.232,121.585044,25.053556
KLCML20016,臺灣海棗,Phoenix hanceana,棕櫚科,成美左岸,高灘地東區管理站,2.31949,34.076433,34.076433,14.455714,1051104,測量0.7M,309036.4329,2771838.952,121.585114,25.053572
KLCML20017,臺灣海棗,Phoenix hanceana,棕櫚科,成美左岸,高灘地東區管理站,2.44411,32.484076,4.602135,11.595357,1051104,測量0.7M,309091.9558,2771857.089,121.585665,25.053733
KLCML20018,臺灣海棗,Phoenix hanceana,棕櫚科,成美左岸,高灘地東區管理站,2.50162,46.33758,6.134337,14.0105,1051104,測量0.3M,309120.5705,2771866.257,121.585949,25.053815
KLCML20019,臺灣海棗,Phoenix hanceana,棕櫚科,成美左岸,高灘地東區管理站,2.86538,32.165605,4.258199,10.628771,1051104,測量0.3M,309122.158,2771866.733,121.585964,25.053819
KLCML20020,臺灣海棗,Phoenix hanceana,棕櫚科,成美左岸,高灘地東區管理站,2.2485,27.070064,24.893774,4.847443,1051104,測量0.3M,309130.413,2771868.4,121.586046,25.053834
KLCML20021,臺灣海棗,Phoenix hanceana,棕櫚科,成美左岸,高灘地東區管理站,2.44722,48.089172,9.490041,11.717171,1051104,測量0.3M,309177.5619,2771884.513,121.586514,25.053977
KLCML20022,臺灣海棗,Phoenix hanceana,棕櫚科,成美左岸,高灘地東區管理站,2.91385,31.847134,6.284795,18.718143,1051104,測量0.7M,309177.7206,2771886.736,121.586516,25.053998
KLCML20023,黃椰子,Chrysalidocarpus,棕櫚科,成美左岸,高灘地東區管理站,5.60786,0,16.06291,55.8008,1051104,叢生,309174.3869,2771891.101,121.586483,25.054037
KLCML20024,黃椰子,Chrysalidocarpus,棕櫚科,成美左岸,高灘地東區管理站,5.37936,0,10.890269,68.47125,1051104,叢生,309178.6577,2771895.623,121.586525,25.054078
KLCML20025,黃椰子,Chrysalidocarpus,棕櫚科,成美左岸,高灘地東區管理站,5.5901,0,7.646344,43.722,1051104,叢生,309181.3731,2771891.576,121.586552,25.054041
KLCML20026,黃椰子,Chrysalidocarpus,棕櫚科,成美左岸,高灘地東區管理站,5.48825,0,11.365002,39.489,1051104,叢生,309184.2823,2771893.985,121.586581,25.054063
KLCML20027,臺灣海棗,Phoenix hanceana,棕櫚科,成美左岸,高灘地東區管理站,3.27967,36.942675,12.07019,16.899143,1051104,測量1M,309203.7557,2771901.103,121.586774,25.054126
KLCML20028,臺灣海棗,Phoenix hanceana,棕櫚科,成美左岸,高灘地東區管理站,2.3951,35.350318,11.251088,11.494386,1051104,測量0.4M,309207.8832,2771902.69,121.586815,25.05414
KLCML20029,臺灣海棗,Phoenix hanceana,棕櫚科,成美左岸,高灘地東區管理站,3.56537,28.343949,9.021143,19.048429,1051104,測量1M,309210.3438,2771904.198,121.58684,25.054154
KLCML20030,臺灣海棗,Phoenix hanceana,棕櫚科,成美左岸,高灘地東區管理站,2.33967,28.025478,19.189362,13.264071,1051104,測量0.7M,309229.8701,2771918.565,121.587034,25.054283
KLCML20031,臺灣海棗,Phoenix hanceana,棕櫚科,成美左岸,高灘地東區管理站,4.15152,36.305732,24.858946,20.563,1051104,測量0.7M,309245.3483,2771927.852,121.587188,25.054366
KLCML20032,臺灣海棗,Phoenix hanceana,棕櫚科,成美左岸,高灘地東區管理站,3.35798,35.350318,24.204764,14.348857,1051104,測量1M,309246.5389,2771930.63,121.5872,25.054391
KLCML20033,臺灣海棗,Phoenix hanceana,棕櫚科,成美左岸,高灘地東區管理站,3.428,25.477707,17.444875,19.184571,1051104,測量1M,309249.952,2771929.837,121.587234,25.054384
KLCML20034,臺灣海棗,Phoenix hanceana,棕櫚科,成美左岸,高灘地東區管理站,3.65734,38.535032,26.385373,19.248857,1051104,測量0.3M,309255.1114,2771932.853,121.587285,25.054411
KLCML20035,臺灣海棗,Phoenix hanceana,棕櫚科,成美左岸,高灘地東區管理站,3.87784,28.343949,13.088772,19.602571,1051104,測量1M,309258.4452,2771934.678,121.587318,25.054427
KLCML20036,臺灣海棗,Phoenix hanceana,棕櫚科,成美左岸,高灘地東區管理站,3.4767,35.031847,16.177133,17.091714,1051104,測量1M,309265.4302,2771939.203,121.587387,25.054468
KLCML20037,臺灣海棗,Phoenix hanceana,棕櫚科,成美左岸,高灘地東區管理站,4.35144,34.394904,15.883004,25.641143,1051104,測量1M,309267.5733,2771941.267,121.587409,25.054486
KLCML20038,臺灣海棗,Phoenix hanceana,棕櫚科,成美左岸,高灘地東區管理站,4.13136,27.070064,12.500512,25.386571,1051104,主幹傾斜測量0.7M,309273.2883,2771944.203,121.587465,25.054513
KLCML20039,臺灣海棗,Phoenix hanceana,棕櫚科,成美左岸,高灘地東區管理站,5.04198,32.165605,14.85355,29.626714,1051104,測量1M,309273.7646,2771946.664,121.58747,25.054535
KLCML20040,臺灣海棗,Phoenix hanceana,棕櫚科,成美左岸,高灘地東區管理站,4.15368,29.936306,13.824096,26.923571,1051104,,309276.6221,2771945.632,121.587499,25.054525
KLCML20041,臺灣海棗,Phoenix hanceana,棕櫚科,成美左岸,高灘地東區管理站,4.7628,31.528662,12.409339,26.809143,1051104,測量0.7M,309281.1481,2771949.792,121.587544,25.054563
KLCML20042,臺灣海棗,Phoenix hanceana,棕櫚科,成美左岸,高灘地東區管理站,3.95754,28.025478,24.857429,24.857429,1051104,,309283.8204,2771951.67,121.58757,25.05458
KLCML20043,臺灣海棗,Phoenix hanceana,棕櫚科,成美左岸,高灘地東區管理站,4.65361,34.55414,25.494429,25.494429,1051104,測量0.7M,309287.9479,2771953.972,121.587611,25.0546
KLCML20044,臺灣海棗,Phoenix hanceana,棕櫚科,成美左岸,高灘地東區管理站,2.97017,26.11465,16.666,16.666,1051104,測量0.7M,309289.6942,2771955.083,121.587628,25.05461
KLCML20045,臺灣海棗,Phoenix hanceana,棕櫚科,成美左岸,高灘地東區管理站,2.77971,25.955414,17.562286,17.562286,1051104,測量0.7M,309297.3589,2771960.334,121.587705,25.054657
KLCML20046,臺灣海棗,Phoenix hanceana,棕櫚科,成美左岸,高灘地東區管理站,3.08897,29.617834,15.193,15.193,1051104,測量0.7M,309298.2667,2771960.957,121.587714,25.054663
KLCML20047,臺灣海棗,Phoenix hanceana,棕櫚科,成美左岸,高灘地東區管理站,8.43601,32.643312,10.294592,75.025714,1051104,,309301.5211,2771969.688,121.587746,25.054742
KLCML20048,臺灣海棗,Phoenix hanceana,棕櫚科,成美左岸,高灘地東區管理站,9.29667,43.471338,16.349659,69.910857,1051104,,309305.8867,2771972.625,121.58779,25.054768
KLCML20049,臺灣海棗,Phoenix hanceana,棕櫚科,成美左岸,高灘地東區管理站,9.15418,42.834395,17.552631,64.061857,1051104,,309309.8555,2771968.101,121.587829,25.054727
KLCML20050,臺灣海棗,Phoenix hanceana,棕櫚科,成美左岸,高灘地東區管理站,9.59879,43.949045,15.310418,81.039,1051104,,309357.8774,2772007.074,121.588306,25.055077
KLCML20051,臺灣海棗,Phoenix hanceana,棕櫚科,成美左岸,高灘地東區管理站,3.37073,40.44586,13.760933,14.012214,1051104,測量0.7M,309368.5402,2772003.793,121.588412,25.055047
KLCML20052,臺灣海棗,Phoenix hanceana,棕櫚科,成美左岸,高灘地東區管理站,3.18421,30.573248,10.401965,15.501286,1051104,測量1M,309369.1487,2772004.852,121.588418,25.055056
KLCML20053,臺灣海棗,Phoenix hanceana,棕櫚科,成美左岸,高灘地東區管理站,2.45706,34.713376,11.810565,9.132514,1051104,測量0.3M,309372.5089,2772007.656,121.588452,25.055082
KLCML20054,臺灣海棗,Phoenix hanceana,棕櫚科,成美左岸,高灘地東區管理站,3.34765,34.394904,10.93442,10.5465,1051104,測量0.5M,309381.7694,2772011.678,121.588543,25.055117
KLCML20055,臺灣海棗,Phoenix hanceana,棕櫚科,成美左岸,高灘地東區管理站,3.25699,30.89172,9.820729,13.7896,1051104,測量0.4M,309383.8728,2772013.821,121.588564,25.055137
KLCML20056,臺灣海棗,Phoenix hanceana,棕櫚科,成美左岸,高灘地東區管理站,3.34113,39.808917,7.49732,19.875429,1051104,測量1M,309457.3345,2772076.448,121.589295,25.055699
KLCML20057,臺灣海棗,Phoenix hanceana,棕櫚科,成美左岸,高灘地東區管理站,3.25391,36.305732,17.513,17.513,1051104,測量1M,309463.5734,2772079.464,121.589357,25.055726
KLCML20058,臺灣海棗,Phoenix hanceana,棕櫚科,成美左岸,高灘地東區管理站,2.41953,37.579618,11.908829,11.908829,1051104,測量0.4M,309464.9704,2772080.131,121.589371,25.055732
KLCML20059,臺灣海棗,Phoenix hanceana,棕櫚科,成美左岸,高灘地東區管理站,9.37416,40.764331,17.966443,87.391571,1051104,,309468.2089,2772079.226,121.589403,25.055724
KLCML20060,臺灣海棗,Phoenix hanceana,棕櫚科,成美左岸,高灘地東區管理站,10.9777,46.496815,20.492974,96.914571,1051104,,309468.7645,2772082.322,121.589409,25.055752
KLCML20061,臺灣海棗,Phoenix hanceana,棕櫚科,成美左岸,高灘地東區管理站,10.8087,40.127389,17.685717,76.917857,1051104,,309472.0189,2772081.766,121.589441,25.055747
KLCML20062,臺灣海棗,Phoenix hanceana,棕櫚科,成美左岸,高灘地東區管理站,9.9602,40.127389,20.511283,66.606571,1051104,,309487.5765,2772095.816,121.589596,25.055873
KLCML20063,臺灣海棗,Phoenix hanceana,棕櫚科,成美左岸,高灘地東區管理站,10.5354,44.267516,22.627527,69.727714,1051104,,309490.2752,2772098.673,121.589623,25.055899
KLCML20064,臺灣海棗,Phoenix hanceana,棕櫚科,成美左岸,高灘地東區管理站,10.5492,38.216561,29.452142,91.413429,1051104,,309494.7996,2772103.515,121.589668,25.055942
KLCML20065,臺灣海棗,Phoenix hanceana,棕櫚科,成美左岸,高灘地東區管理站,9.25111,33.757962,14.922429,64.090857,1051104,,309501.5465,2772107.96,121.589735,25.055982
KLCML20066,臺灣海棗,Phoenix hanceana,棕櫚科,成美左岸,高灘地東區管理站,6.76071,35.66879,15.767094,53.092714,1051104,,309503.8484,2772110.5,121.589758,25.056005
KLCML20067,臺灣海棗,Phoenix hanceana,棕櫚科,成美左岸,高灘地東區管理站,8.66948,32.802548,17.677559,49.170286,1051104,,309508.4521,2772114.151,121.589803,25.056038
KLCML20068,臺灣海棗,Phoenix hanceana,棕櫚科,成美左岸,高灘地東區管理站,7.44042,32.961783,17.763372,51.415286,1051104,,309510.3571,2772116.056,121.589822,25.056055
KLCML20069,臺灣海棗,Phoenix hanceana,棕櫚科,成美左岸,高灘地東區管理站,9.10515,41.401274,24.570464,77.704714,1051104,,309515.5165,2772120.739,121.589874,25.056097
KLCML20070,臺灣海棗,Phoenix hanceana,棕櫚科,成美左岸,高灘地東區管理站,10.0695,35.987261,16.565359,82.075714,1051104,,309522.2634,2772125.899,121.589941,25.056143
KLCML20071,臺灣海棗,Phoenix hanceana,棕櫚科,成美左岸,高灘地東區管理站,10.1163,42.515924,19.570578,88.113143,1051104,,309520.9934,2772129.074,121.589928,25.056172
KLCML20072,臺灣海棗,Phoenix hanceana,棕櫚科,成美左岸,高灘地東區管理站,10.1664,40.764331,18.7643,87.129286,1051104,,309524.4859,2772128.439,121.589963,25.056166
KLCML20073,臺灣海棗,Phoenix hanceana,棕櫚科,成美左岸,高灘地東區管理站,8.99168,29.936306,10.079403,70.323857,1051104,,309529.2484,2772131.614,121.59001,25.056194
KLCML20074,臺灣海棗,Phoenix hanceana,棕櫚科,成美左岸,高灘地東區管理站,10.5449,34.076433,11.473363,82.043286,1051104,,309527.5815,2772133.995,121.589994,25.056216
KLCML20075,臺灣海棗,Phoenix hanceana,棕櫚科,成美左岸,高灘地東區管理站,8.46263,33.917197,11.419749,65.669571,1051104,,309529.9628,2772133.836,121.590017,25.056214
KLCML20076,蒲葵,Livistona chinensis,棕櫚科,成美左岸,高灘地東區管理站,6.83193,19.426752,9.118881,56.906714,1051104,,309534.884,2772138.202,121.590066,25.056254
KLCML20077,蒲葵,Livistona chinensis,棕櫚科,成美左岸,高灘地東區管理站,6.47697,18.152866,8.520921,52.332429,1051104,,309533.4553,2772140.821,121.590052,25.056277
KLCML20078,蒲葵,Livistona chinensis,棕櫚科,成美左岸,高灘地東區管理站,6.45408,19.904459,9.343115,55.593857,1051104,,309536.3922,2772140.424,121.590081,25.056274
KLCML20079,臺灣海棗,Phoenix hanceana,棕櫚科,成美左岸,高灘地東區管理站,8.70801,40.44586,15.582255,64.812857,1051104,,309538.5353,2772145.187,121.590103,25.056317
KLCML20080,臺灣海棗,Phoenix hanceana,棕櫚科,成美左岸,高灘地東區管理站,8.96571,42.356688,15.510224,66.963714,1051104,,309564.4116,2772179.874,121.590361,25.056629
KLCML20081,臺灣海棗,Phoenix hanceana,棕櫚科,成美左岸,高灘地東區管理站,7.85823,38.853503,54.107621,60.465286,1051104,,309570.6822,2772186.541,121.590423,25.056689
KL0GS20001,大王椰子,Roystonea regia,棕櫚科,觀山,高灘地東區管理站,10.0305,20.541401,10.72684,98.635143,1051104,,307380.2123,2772904.152,121.568744,25.063252
KL0GS20002,大王椰子,Roystonea regia,棕櫚科,觀山,高灘地東區管理站,8.03965,20.700637,8.597781,73.326286,1051104,,307377.2357,2772917.606,121.568715,25.063373
KL0YF20001,蒲葵,Livistona chinensis,棕櫚科,迎風,高灘地東區管理站,7.1634,26.910828,9.289445,69.973,1051104,脫痕7CM,305237.2683,2774083.619,121.547551,25.07398
KL0YF20002,蒲葵,Livistona chinensis,棕櫚科,迎風,高灘地東區管理站,6.09157,26.433121,9.937072,84.923,1051104,脫痕5CM,305285.8459,2774065.839,121.548032,25.073818
KL0MT20001,蒲葵,Livistona chinensis,棕櫚科,美堤,高灘地東區管理站,3.76036,22.770701,6.370244,0,1051104,,306104.3323,2774314.555,121.556155,25.076033
KL0MT20002,蒲葵,Livistona chinensis,棕櫚科,美堤,高灘地東區管理站,4.19721,25.796178,5.560925,0,1051104,主幹傾斜,306106.449,2774318.365,121.556176,25.076067
KL0MT20003,蒲葵,Livistona chinensis,棕櫚科,美堤,高灘地東區管理站,4.24448,25,5.87026,0,1051104,,306102.004,2774318.365,121.556132,25.076067
KL0MT20004,蒲葵,Livistona chinensis,棕櫚科,美堤,高灘地東區管理站,3.93078,23.248408,6.110091,0,1051104,,306127.4041,2774301.855,121.556383,25.075917
KL0MT20005,蒲葵,Livistona chinensis,棕櫚科,美堤,高灘地東區管理站,4.00963,22.292994,6.624243,0,1051104,,306128.4624,2774305.665,121.556394,25.075952
KL0MT20006,蒲葵,Livistona chinensis,棕櫚科,美堤,高灘地東區管理站,3.82751,21.019108,5.576444,0,1051104,,306124.6524,2774304.395,121.556356,25.07594
KL0MT20007,蒲葵,Livistona chinensis,棕櫚科,美堤,高灘地東區管理站,3.2081,24.522293,5.642421,0,1051104,,306127.6157,2774336.357,121.556387,25.076229
KL0MT20008,蒲葵,Livistona chinensis,棕櫚科,美堤,高灘地東區管理站,4.10173,24.363057,5.328008,0,1051104,測量1M,306130.1557,2774340.167,121.556412,25.076263
KL0MT20009,蒲葵,Livistona chinensis,棕櫚科,美堤,高灘地東區管理站,3.0632,23.089172,6.294413,0,1051104,,306132.2724,2774336.569,121.556433,25.07623
KL0MT20010,蒲葵,Livistona chinensis,棕櫚科,美堤,高灘地東區管理站,5.16764,26.592357,5.000136,0,1051104,,306190.2692,2774357.524,121.557009,25.076417
KL0MT20011,蒲葵,Livistona chinensis,棕櫚科,美堤,高灘地東區管理站,4.11286,23.248408,7.766719,0,1051104,測量1.4M,306192.8092,2774354.772,121.557034,25.076393
KL0MT20012,蒲葵,Livistona chinensis,棕櫚科,美堤,高灘地東區管理站,4.00528,22.611465,4.741568,0,1051104,,306193.8675,2774359.005,121.557045,25.076431
KL0MT20013,蒲葵,Livistona chinensis,棕櫚科,美堤,高灘地東區管理站,3.44825,20.541401,3.834198,0,1051104,,306213.9759,2774370.012,121.557244,25.076529
KL0MT20014,蒲葵,Livistona chinensis,棕櫚科,美堤,高灘地東區管理站,2.82271,19.745223,3.157797,0,1051104,,306209.7426,2774370.012,121.557202,25.076529
KL0MT20015,蒲葵,Livistona chinensis,棕櫚科,美堤,高灘地東區管理站,3.01954,18.471338,2.717579,0,1051104,,306211.6476,2774367.26,121.557221,25.076505
KL0MT20016,蒲葵,Livistona chinensis,棕櫚科,美堤,高灘地東區管理站,4.43425,22.452229,5.3088,0,1051104,,306211.0126,2774340.59,121.557214,25.076264
KL0MT20017,蒲葵,Livistona chinensis,棕櫚科,美堤,高灘地東區管理站,4.92954,24.840764,6.705743,0,1051104,,306207.8375,2774342.495,121.557182,25.076281
KL0MT20018,蒲葵,Livistona chinensis,棕櫚科,美堤,高灘地東區管理站,4.28879,24.522293,6.96721,0,1051104,測量1.5M,306207.8375,2774337.627,121.557182,25.076237
KL0MT20019,大王椰子,Roystonea regia,棕櫚科,美堤,高灘地東區管理站,9.14405,33.43949,8.78676,0,1051104,托痕8CM,306496.9329,2774337.714,121.560048,25.076227
KL0MT20020,大王椰子,Roystonea regia,棕櫚科,美堤,高灘地東區管理站,9.8921,34.872611,9.163336,0,1051104,托痕11CM,306498.4146,2774337.397,121.560063,25.076224
KL0DJ20001,臺灣海棗,Phoenix hanceana,棕櫚科,大佳,高灘地東區管理站,2.00629,25.796178,10.643279,13.7882,1051104,測量0.7M,304418.0818,2774154.338,121.539434,25.074648
KL0DJ20002,臺灣海棗,Phoenix hanceana,棕櫚科,大佳,高灘地東區管理站,1.89983,26.751592,11.037474,13.120886,1051104,測量0.7M,304420.0662,2774157.909,121.539454,25.07468
KL0DJ20003,臺灣海棗,Phoenix hanceana,棕櫚科,大佳,高灘地東區管理站,2.05218,24.840764,10.249083,14.794714,1051104,測量0.7M,304422.5797,2774160.423,121.539479,25.074703
KL0DJ20004,臺灣海棗,Phoenix hanceana,棕櫚科,大佳,高灘地東區管理站,2.89562,28.66242,11.825865,16.689429,1051104,測量0.7M,304424.8287,2774162.275,121.539501,25.074719
KL0DJ20005,臺灣海棗,Phoenix hanceana,棕櫚科,大佳,高灘地東區管理站,2.66038,30.573248,12.614256,16.465571,1051104,主幹傾斜測量0.7M,304426.9454,2774163.598,121.539522,25.074731
KL0DJ20006,臺灣海棗,Phoenix hanceana,棕櫚科,大佳,高灘地東區管理站,2.79489,24.840764,9.589656,17.087571,1051104,測量0.7M,304432.5016,2774166.773,121.539577,25.07476
KL0DJ20007,臺灣海棗,Phoenix hanceana,棕櫚科,大佳,高灘地東區管理站,2.704,29.617834,11.43382,16.734857,1051104,測量0.7M,304432.5281,2774168.995,121.539578,25.07478
KL0DJ20008,臺灣海棗,Phoenix hanceana,棕櫚科,大佳,高灘地東區管理站,2.65672,27.707006,10.696154,13.415171,1051104,測量0.7M,304432.7398,2774171.43,121.53958,25.074802
KL0DJ20012,臺灣海棗,Phoenix hanceana,棕櫚科,大佳,高灘地東區管理站,2.12884,27.707006,10.696154,12.046514,1051104,測量0.7M,304435.5973,2774183.706,121.539609,25.074913
KL0DJ20013,臺灣海棗,Phoenix hanceana,棕櫚科,大佳,高灘地東區管理站,2.24068,25.477707,9.835544,10.065,1051104,測量0.7M,304436.9731,2774187.093,121.539623,25.074943
KL0DJ20014,臺灣海棗,Phoenix hanceana,棕櫚科,大佳,高灘地東區管理站,2.18138,26.11465,10.081433,9.003686,1051104,測量0.7M,304438.0314,2774189.421,121.539633,25.074964
KL0DJ20015,臺灣海棗,Phoenix hanceana,棕櫚科,大佳,高灘地東區管理站,1.55077,29.77707,11.495292,8.566486,1051104,測量0.6M,304439.4073,2774191.115,121.539647,25.074979
KL0DJ20016,蒲葵,Livistona chinensis,棕櫚科,大佳,高灘地東區管理站,4.22679,18.471338,13.793042,32.631,1051104,尺放土堆上,304444.2756,2774195.031,121.539695,25.075014
KL0DJ20017,蒲葵,Livistona chinensis,棕櫚科,大佳,高灘地東區管理站,3.96934,18.789809,14.030853,31.638,1051104,尺放土堆上(測量1M),304444.1698,2774198.841,121.539694,25.075049
KL0DJ20018,蒲葵,Livistona chinensis,棕櫚科,大佳,高灘地東區管理站,4.07624,17.675159,13.198514,32.042143,1051104,尺放土堆上,304444.3814,2774202.227,121.539697,25.075079
KL0DJ20019,蒲葵,Livistona chinensis,棕櫚科,大佳,高灘地東區管理站,4.1496,16.56051,12.366176,29.700571,1051104,尺放土堆上,304444.2756,2774205.72,121.539696,25.075111
KL0DJ20020,蒲葵,Livistona chinensis,棕櫚科,大佳,高灘地東區管理站,4.18091,19.904459,14.863192,31.488571,1051104,尺放土堆上(測量1M),304444.4873,2774209.212,121.539698,25.075142
KL0DJ20010,臺灣海棗,Phoenix hanceana,棕櫚科,大佳,高灘地東區管理站,2.52924,30.254777,11.679709,15.278857,1051104,測量0.7M,304433.7981,2774177.462,121.539591,25.074856
KL0DJ20011,臺灣海棗,Phoenix hanceana,棕櫚科,大佳,高灘地東區管理站,2.61358,27.388535,10.57321,17.986857,1051104,測量0.7M,304434.6844,2774180.994,121.5396,25.074888
KL0DJ20009,臺灣海棗,Phoenix hanceana,棕櫚科,大佳,高灘地東區管理站,2.31278,26.11465,10.081433,14.054171,1051104,測量0.7M,304433.3615,2774174.75,121.539586,25.074832
KL0DJ20021,蒲葵,Livistona chinensis,棕櫚科,大佳,高灘地東區管理站,3.99297,19.904459,9.467629,29.546714,1051104,尺放土堆上(測量1M),304437.6478,2774214.53,121.53963,25.075191
KL0DJ20022,蒲葵,Livistona chinensis,棕櫚科,大佳,高灘地東區管理站,3.90369,17.515924,8.331514,30.133143,1051104,尺放土堆上,304437.9124,2774217.772,121.539633,25.07522
KL0DJ20023,蒲葵,Livistona chinensis,棕櫚科,大佳,高灘地東區管理站,3.6962,18.630573,8.861701,30.616714,1051104,尺放土堆上,304437.8462,2774221.343,121.539633,25.075252
KL0DJ20024,蒲葵,Livistona chinensis,棕櫚科,大佳,高灘地東區管理站,4.04788,18.152866,8.634478,26.172286,1051104,尺放土堆上,304437.9124,2774224.783,121.539633,25.075283
KL0DJ20028,棍棒椰子,Mascarena verschaffeltii,棕櫚科,大佳,高灘地東區管理站,3.95653,29.77707,14.163573,23.633,1051104,尺放土堆上(測量1M),304438.4415,2774237.946,121.539639,25.075402
KL0DJ20025,蒲葵,Livistona chinensis,棕櫚科,大佳,高灘地東區管理站,3.84942,21.019108,9.997816,28.509,1051104,尺放土堆上(測量1M),304437.8462,2774228.487,121.539633,25.075317
KL0DJ20027,棍棒椰子,Mascarena verschaffeltii,棕櫚科,大佳,高灘地東區管理站,4.03726,28.980892,13.784868,26.609714,1051104,尺放土堆上(測量1M),304438.177,2774234.374,121.539636,25.07537
KL0DJ20026,棍棒椰子,Mascarena verschaffeltii,棕櫚科,大佳,高灘地東區管理站,3.68798,27.388535,13.027458,22.726857,1051104,尺放土堆上(測量1M),304438.0447,2774231.265,121.539635,25.075342
KL0DJ20029,棍棒椰子,Mascarena verschaffeltii,棕櫚科,大佳,高灘地東區管理站,3.79319,30.254777,14.390796,23.527,1051104,尺放土堆上(測量1M),304438.3874,2774241.654,121.539639,25.075436
KL0DJ20030,黃椰子,Chrysalidocarpus,棕櫚科,大佳,高灘地東區管理站,2.55426,6.050955,0.417788,14.049214,1051104,叢生測量0.3M,303657.8788,2774146.45,121.531898,25.074604
KL0DJ20031,黃椰子,Chrysalidocarpus,棕櫚科,大佳,高灘地東區管理站,3.33745,98.089172,2.455202,17.420286,1051104,全包叢生,303673.7538,2774144.439,121.532055,25.074585
KL0DJ20032,蒲葵,Livistona chinensis,棕櫚科,大佳,高灘地東區管理站,3.86276,30.89172,23.220331,25.450286,1051104,,303601.0832,2774144.677,121.531335,25.07459
KL0DJ20033,蒲葵,Livistona chinensis,棕櫚科,大佳,高灘地東區管理站,8.46257,50.955414,15.197948,72.527286,1051104,測量0.7M,303605.3166,2774144.624,121.531377,25.074589
KL0DJ20047,蒲葵,Livistona chinensis,棕櫚科,大佳,高灘地東區管理站,3.08972,17.197452,2.614722,42.136,1051104,托葉痕4公分,303514.6465,2774207.703,121.530481,25.075162
KL0DJ20046,蒲葵,Livistona chinensis,棕櫚科,大佳,高灘地東區管理站,3.88354,17.038217,1.861563,50.8225,1051104,托葉痕4公分,303511.9742,2774207.279,121.530454,25.075158
KL0DJ20034,蒲葵,Livistona chinensis,棕櫚科,大佳,高灘地東區管理站,3.90403,28.025478,2.91376,40.171714,1051104,,303485.1875,2774192.583,121.530188,25.075027
KL0DJ20035,蒲葵,Livistona chinensis,棕櫚科,大佳,高灘地東區管理站,4.26592,28.66242,1.862907,43.725857,1051104,,303482.0125,2774190.043,121.530157,25.075004
KL0DJ20036,蒲葵,Livistona chinensis,棕櫚科,大佳,高灘地東區管理站,3.80916,32.961783,2.065192,36.287571,1051104,測量1.4M,303478.3083,2774186.868,121.53012,25.074975
KL0DJ20037,蒲葵,Livistona chinensis,棕櫚科,大佳,高灘地東區管理站,4.15726,30.573248,2.257514,38.432714,1051104,測量1M,303474.2867,2774183.587,121.53008,25.074946
KL0DJ20038,蒲葵,Livistona chinensis,棕櫚科,大佳,高灘地東區管理站,4.55235,32.484076,2.401214,43.582,1051104,測量1M,303470.4767,2774179.989,121.530042,25.074913
KL0DJ20039,蒲葵,Livistona chinensis,棕櫚科,大佳,高灘地東區管理站,4.24662,31.210191,2.639342,39.743,1051104,,303462.645,2774173.744,121.529964,25.074857
KL0DJ20040,蒲葵,Livistona chinensis,棕櫚科,大佳,高灘地東區管理站,4.47578,33.280255,3.002694,41.387714,1051104,,303469.1008,2774172.686,121.530028,25.074848
KL0DJ20041,蒲葵,Livistona chinensis,棕櫚科,大佳,高灘地東區管理站,4.03183,34.872611,3.415329,35.363571,1051104,,303474.9217,2774175.861,121.530086,25.074876
KL0DJ20042,蒲葵,Livistona chinensis,棕櫚科,大佳,高灘地東區管理站,4.24469,33.121019,2.918689,37.953857,1051104,測量1M,303482.5417,2774177.766,121.530161,25.074893
KL0DJ20043,蒲葵,Livistona chinensis,棕櫚科,大佳,高灘地東區管理站,4.4735,33.917197,1.468865,39.102143,1051104,,303487.9392,2774181.259,121.530215,25.074924
KL0DJ20044,蒲葵,Livistona chinensis,棕櫚科,大佳,高灘地東區管理站,3.53515,19.745223,1.415773,60.468,1051104,托葉痕3公分測量1M,303488.7859,2774184.01,121.530224,25.074949
KL0DJ20045,蒲葵,Livistona chinensis,棕櫚科,大佳,高灘地東區管理站,3.33416,17.197452,1.383291,46.3685,1051104,托葉痕4公分,303489.315,2774187.714,121.530229,25.074982
KL0DJ20049,大王椰子,Roystonea regia,棕櫚科,大佳,高灘地東區管理站,3.57977,13.216561,0.593969,16.6,1051104,測量0.7M,303691.8514,2774144.174,121.532235,25.074582
KL0DJ20048,大王椰子,Roystonea regia,棕櫚科,大佳,高灘地東區管理站,2.11547,9.55414,0.404795,12,1051104,測量0.3M,303691.0259,2774189.18,121.532228,25.074989
KLBLR20001,大王椰子,Roystonea regia,棕櫚科,百齡右岸,高灘地北區管理站,3.60049,14.490446,1.725146,0,1051104,脫痕4CM測量0.7M,302212.3096,2774767.75,121.517593,25.080264
KLBLR20002,蒲葵,Livistona chinensis,棕櫚科,百齡右岸,高灘地北區管理站,3.72374,38.216561,11.437689,0,1051104,脫痕3CM測量0.3M,301956.1656,2775435.384,121.515079,25.0863
KLBLR20003,臺灣海棗,Phoenix hanceana,棕櫚科,百齡右岸,高灘地北區管理站,2.93695,27.070064,14.488972,34,1051104,,302202.3612,2774779.286,121.517494,25.080368
KLBLL20001,黃椰子,Chrysalidocarpus,棕櫚科,百齡左岸,高灘地北區管理站,4.88567,0,11.020976,63,1051104,無法測量叢生,301351.6402,2776207.83,121.509115,25.093294
TS0YP20001,蒲葵,Livistona chinensis,棕櫚科,延平,高灘地南區管理站,5.85665,22.292994,16.163075,40.20825,1051125,,301227.2142,2772066.011,121.507727,25.055906
TS0YP20002,大王椰子,Roystonea regia,棕櫚科,延平,高灘地南區管理站,9.88356,41.719745,31.502674,307.191,1051125,,301223.4305,2772045.761,121.507689,25.055724
TS0YP20003,大王椰子,Roystonea regia,棕櫚科,延平,高灘地南區管理站,11.2522,38.853503,29.338368,269.1625,1051125,,301222.787,2772043.4,121.507682,25.055702
TS0YP20004,大王椰子,Roystonea regia,棕櫚科,延平,高灘地南區管理站,9.48859,35.031847,26.452627,314.235667,1051125,,301222.322,2772041.002,121.507677,25.055681
TS0YP20005,黃椰子,Chrysalidocarpus,棕櫚科,延平,高灘地南區管理站,11.2218,0,0.72241,28.755364,1051125,,301186.6186,2771948.586,121.50732,25.054848
TS0YP20006,蒲葵,Livistona chinensis,棕櫚科,延平,高灘地南區管理站,8.20044,23.566879,17.024948,94.9341,1051125,,301185.7463,2771954.865,121.507312,25.054904
TS0YP20007,黃椰子,Chrysalidocarpus,棕櫚科,延平,高灘地南區管理站,6.34786,0,0.72241,29.7831,1051125,,301188.0227,2771956.697,121.507334,25.054921
TS0YP20008,黃椰子,Chrysalidocarpus,棕櫚科,延平,高灘地南區管理站,2.81257,0,0.452011,20.708625,1051125,,301164.7651,2771927.75,121.507103,25.05466
TS0YP20009,孔雀椰子,Caryota urens,棕櫚科,延平,高灘地南區管理站,5.76409,0,1.000488,22.539909,1051125,,301158.6027,2771913.279,121.507041,25.05453
TS0YP20010,孔雀椰子,Caryota urens,棕櫚科,延平,高灘地南區管理站,6.2445,0,0.72241,27.136522,1051125,,301187.7909,2771915.863,121.507331,25.054552
TS0YP20011,可可椰子,"Cocos nucifera

",棕櫚科,延平,高灘地南區管理站,3.1097,0,0.72241,0,1051125,無脫痕,301173.7426,2771903.424,121.507191,25.05444
TS0YP20012,大王椰子,Roystonea regia,棕櫚科,延平,高灘地南區管理站,12.1637,23.248408,20.595582,267.395,1051125,,301169.5904,2771849.701,121.507148,25.053955
TS0YP20013,叢立孔雀椰子,Caryota mitis,棕櫚科,延平,高灘地南區管理站,6.11667,0,0.885892,24.838687,1051125,DBH<6,301161.6928,2771851.139,121.50707,25.053969
TS0YP20014,大王椰子,Roystonea regia,棕櫚科,延平,高灘地南區管理站,1.51671,0,0.885892,14.260133,1051125,DBH<6,301158.1094,2771852.323,121.507034,25.053979
TS0YP20015,叢立孔雀椰子,Caryota mitis,棕櫚科,延平,高灘地南區管理站,6.70068,16.082803,14.247629,23.309474,1051125,,301156.5674,2771853.506,121.507019,25.05399
TS0YP20016,酒瓶椰子,Mascarena lagenicaulis,棕櫚科,延平,高灘地南區管理站,2.02482,15.923567,4.653212,102.133,1051125,測量0.9m,301149.9121,2771805.085,121.506951,25.053553
TS0YP20017,酒瓶椰子,Mascarena lagenicaulis,棕櫚科,延平,高灘地南區管理站,2.49922,33.917197,3.585063,50.6595,1051125,測量0.9m,301152.5412,2771804.705,121.506977,25.05355
TS0YP20018,酒瓶椰子,Mascarena lagenicaulis,棕櫚科,延平,高灘地南區管理站,2.48125,32.165605,3.076546,60.1465,1051125,測量0.9m,301156.0111,2771803.83,121.507011,25.053542
TS0YP20019,黃椰子,Chrysalidocarpus,棕櫚科,延平,高灘地南區管理站,11.2285,0,0.96578,88.554125,1051125,,301151.6103,2771785.259,121.506967,25.053374
TS0LS20002,大王椰子,Roystonea regia,棕櫚科,龍山,高灘地南區管理站,5.91162,51.592357,95.645404,255.92,1051125,,299994.5264,2770213.353,121.495443,25.039222
TS0LS20001,羅比親王海棗,Phoenix humilis,棕櫚科,龍山,高灘地南區管理站,4.07299,9.872611,15.71663,0,1051125,,300390.2366,2770534.651,121.499376,25.042109
TS0HJ20001,蒲葵,Livistona chinensis,棕櫚科,雁鴨,高灘地南區管理站,8.23058,25.318471,12.913972,101.443833,1051125,,299618.3806,2769972.461,121.491706,25.037059
TS0HJ20002,蒲葵,Livistona chinensis,棕櫚科,雁鴨,高灘地南區管理站,8.28029,24.840764,6.352487,164.19625,1051125,,299612.2952,2769968.387,121.491646,25.037023
TS0HJ20003,蒲葵,Livistona chinensis,棕櫚科,雁鴨,高灘地南區管理站,10.4075,25.159236,13.41083,157.8252,1051125,,299610.7606,2769961.137,121.49163,25.036957
TS0HJ20004,蒲葵,Livistona chinensis,棕櫚科,雁鴨,高灘地南區管理站,8.96934,26.433121,14.089859,111.583167,1051125,,299608.8556,2769958.65,121.491612,25.036935
TS0HJ20005,蒲葵,Livistona chinensis,棕櫚科,雁鴨,高灘地南區管理站,8.86846,25.318471,12.777066,114.284,1051125,,299606.3685,2769966.64,121.491587,25.037007
TS0HJ20006,蒲葵,Livistona chinensis,棕櫚科,雁鴨,高灘地南區管理站,8.79315,23.248408,10.242861,114.435,1051125,,299603.1935,2769967.699,121.491556,25.037017
TS0HJ20007,蒲葵,Livistona chinensis,棕櫚科,雁鴨,高灘地南區管理站,9.15738,21.656051,8.21833,69.963111,1051125,,299605.8393,2769970.027,121.491582,25.037038
TS0HJ20008,蒲葵,Livistona chinensis,棕櫚科,雁鴨,高灘地南區管理站,7.19087,21.815287,11.9096,76.443667,1051125,,299599.2247,2769973.996,121.491517,25.037074
TS0HJ20009,蒲葵,Livistona chinensis,棕櫚科,雁鴨,高灘地南區管理站,4.95386,25.477707,0.075101,91.9908,1051125,斷頭,299595.5205,2769975.954,121.49148,25.037092
JM0JM20001,臺灣海棗,Phoenix hanceana,棕櫚科,景美,高灘地南區管理站,2.93328,27.070064,17.951421,43.799,1051125,,304159.8952,2764795.923,121.536507,24.99017
JM0JM20002,臺灣海棗,Phoenix hanceana,棕櫚科,景美,高灘地南區管理站,4.27999,36.624204,24.287217,50.5248,1051125,主幹傾斜,304155.2918,2764788.633,121.536461,24.990104
JM0JM20003,臺灣海棗,Phoenix hanceana,棕櫚科,景美,高灘地南區管理站,4.41537,35.350318,23.442444,55.8066,1051125,,304155.0197,2764787.522,121.536459,24.990094
JM0JM20004,臺灣海棗,Phoenix hanceana,棕櫚科,景美,高灘地南區管理站,3.1564,33.757962,22.386478,35.6428,1051125,,304155.735,2764785.69,121.536466,24.990078
JM0JM20005,臺灣海棗,Phoenix hanceana,棕櫚科,景美,高灘地南區管理站,3.92608,40.127389,26.610342,41.2772,1051125,測量1m,304154.6731,2764784.502,121.536455,24.990067
JM0JM20006,臺灣海棗,Phoenix hanceana,棕櫚科,景美,高灘地南區管理站,5.09007,30.414013,20.168949,71.8284,1051125,主幹傾斜,304154.7344,2764786.002,121.536456,24.990081
JM0JM20007,臺灣海棗,Phoenix hanceana,棕櫚科,景美,高灘地南區管理站,4.07606,39.649682,26.293552,43.5112,1051125,主幹傾斜,304154.0962,2764782.671,121.536449,24.990051
JM0JM20008,臺灣海棗,Phoenix hanceana,棕櫚科,景美,高灘地南區管理站,3.46622,32.006369,21.224915,37.7118,1051125,主幹傾斜,304154.1597,2764781.252,121.53645,24.990038
JM0JM20009,臺灣海棗,Phoenix hanceana,棕櫚科,景美,高灘地南區管理站,3.64469,34.394904,22.808864,41.0274,1051125,主幹傾斜,304155.0338,2764780.618,121.536458,24.990032
JM0JM20010,臺灣海棗,Phoenix hanceana,棕櫚科,景美,高灘地南區管理站,3.05351,38.853503,25.765569,36.294,1051125,,304154.7179,2764778.129,121.536455,24.99001
JM0JM20011,臺灣海棗,Phoenix hanceana,棕櫚科,景美,高灘地南區管理站,3.07719,28.025478,18.585001,34.2986,1051125,主幹傾斜,304154.9761,2764777.088,121.536458,24.99
JM0JM20012,臺灣海棗,Phoenix hanceana,棕櫚科,景美,高灘地南區管理站,2.83375,27.707006,18.373807,39.4828,1051125,主幹傾斜,304153.3043,2764776.498,121.536441,24.989995
JM0JM20013,臺灣海棗,Phoenix hanceana,棕櫚科,景美,高灘地南區管理站,9.52379,58.280255,38.648353,143.7312,1051125,,304154.2579,2764772.466,121.53645,24.989958
JM0JM20014,臺灣海棗,Phoenix hanceana,棕櫚科,景美,高灘地南區管理站,2.77484,27.707006,18.373807,29.3036,1051125,主幹傾斜,304152.1153,2764770.441,121.536429,24.98994
JM0JM20015,臺灣海棗,Phoenix hanceana,棕櫚科,景美,高灘地南區管理站,3.07825,21.974522,14.57233,35.133,1051125,,304153.5177,2764769.864,121.536443,24.989935
JM0JM20016,臺灣海棗,Phoenix hanceana,棕櫚科,景美,高灘地南區管理站,3.26384,30.89172,20.485739,36.4248,1051125,,304152.1279,2764768.495,121.536429,24.989923
JM0JM20017,黃椰子,Chrysalidocarpus,棕櫚科,景美,高灘地南區管理站,8.60845,0,1.200555,59.419125,1051125,,304202.4026,2764660.626,121.536923,24.988947
JM0MZ20001,黃椰子,Chrysalidocarpus,棕櫚科,木柵,高灘地南區管理站,8.47735,0,3.123954,30.971462,1051125,,305012.386,2764182.316,121.544927,24.9846
JM0MZ20002,檳榔,Areca catechu,棕櫚科,木柵,高灘地南區管理站,7.56399,13.375796,21.319357,36.046882,1051125,,305034.8694,2764141.562,121.545148,24.984231
JM0DN20001,大王椰子,Roystonea regia,棕櫚科,道南,高灘地南區管理站,10.7443,41.878981,29.188807,48.571417,1051125,,305992.529,2763388.468,121.554604,24.977397
JM0DN20002,羅比親王海棗,Phoenix humilis,棕櫚科,道南,高灘地南區管理站,3.62675,8.43949,1.923023,249.197,1051125,,308587.4567,2765812.608,121.580408,24.999184
JM0DN20003,羅比親王海棗,Phoenix humilis,棕櫚科,道南,高灘地南區管理站,3.55495,8.757962,1.731824,224.733,1051125,,308585.3474,2765810.609,121.580387,24.999166
JM0DN20004,羅比親王海棗,Phoenix humilis,棕櫚科,道南,高灘地南區管理站,3.54072,9.55414,1.359692,224.578,1051125,,308583.5681,2765808.875,121.580369,24.99915
JM0DN20005,羅比親王海棗,Phoenix humilis,棕櫚科,道南,高灘地南區管理站,4.44059,8.598726,0.974464,258.978,1051125,,308581.3593,2765806.998,121.580347,24.999134
JM0DN20006,羅比親王海棗,Phoenix humilis,棕櫚科,道南,高灘地南區管理站,2.97169,11.146497,1.580704,194.311,1051125,,308579.8562,2765805.827,121.580332,24.999123
JM0DN20007,羅比親王海棗,Phoenix humilis,棕櫚科,道南,高灘地南區管理站,3.17752,10.191083,1.261483,176.088,1051125,,308577.7055,2765805.016,121.580311,24.999116
JM0DN20008,羅比親王海棗,Phoenix humilis,棕櫚科,道南,高灘地南區管理站,4.32823,9.55414,2.96761,268.638,1051125,,308575.6352,2765804.28,121.58029,24.999109
JM0DN20009,羅比親王海棗,Phoenix humilis,棕櫚科,道南,高灘地南區管理站,3.50744,8.917197,2.614138,214.792,1051125,,308573.4799,2765803.125,121.580269,24.999099
JM0DN20010,羅比親王海棗,Phoenix humilis,棕櫚科,道南,高灘地南區管理站,3.29691,8.757962,2.901106,226.869,1051125,,308571.0045,2765801.755,121.580244,24.999087
JM0DN20011,羅比親王海棗,Phoenix humilis,棕櫚科,道南,高灘地南區管理站,3.36622,11.146497,2.206245,210.264,1051125,,308568.801,2765800.551,121.580223,24.999076
JM0DN20012,羅比親王海棗,Phoenix humilis,棕櫚科,道南,高灘地南區管理站,3.60026,9.872611,2.312953,225.328,1051125,,308567.1095,2765799.99,121.580206,24.999071
JM0DN20013,羅比親王海棗,Phoenix humilis,棕櫚科,道南,高灘地南區管理站,3.10673,9.076433,2.570247,208.498,1051125,,308564.7323,2765798.788,121.580182,24.99906
JM0DN20014,羅比親王海棗,Phoenix humilis,棕櫚科,道南,高灘地南區管理站,3.12792,11.942675,2.60732,184.009,1051125,,308563.1802,2765797.282,121.580167,24.999047
JM0DN20015,羅比親王海棗,Phoenix humilis,棕櫚科,道南,高灘地南區管理站,4.04138,7.961783,3.15315,0,1051125,,308522.1309,2765773.454,121.579759,24.998833
JM0DN20016,羅比親王海棗,Phoenix humilis,棕櫚科,道南,高灘地南區管理站,4.20552,8.917197,1.83502,0,1051125,,308514.1848,2765768.93,121.57968,24.998792
JM0DN20017,羅比親王海棗,Phoenix humilis,棕櫚科,道南,高灘地南區管理站,3.64978,9.55414,1.646266,0,1051125,,308510.2659,2765766.178,121.579641,24.998768
JM0DN20018,羅比親王海棗,Phoenix humilis,棕櫚科,道南,高灘地南區管理站,3.80027,10.987261,1.653859,0,1051125,,308508.4211,2765765.28,121.579623,24.99876
JM0DN20019,羅比親王海棗,Phoenix humilis,棕櫚科,道南,高灘地南區管理站,3.72489,9.55414,1.88405,0,1051125,,308506.3107,2765764.325,121.579602,24.998751
JM0DN20020,羅比親王海棗,Phoenix humilis,棕櫚科,道南,高灘地南區管理站,3.79604,9.235669,2.005107,0,1051125,,308503.8477,2765762.654,121.579578,24.998736
JM0DN20021,羅比親王海棗,Phoenix humilis,棕櫚科,道南,高灘地南區管理站,2.81266,9.235669,2.961983,0,1051125,,308497.5534,2765757.991,121.579515,24.998694
JM0DN20022,羅比親王海棗,Phoenix humilis,棕櫚科,道南,高灘地南區管理站,3.24279,9.235669,2.250902,0,1051125,,308495.7304,2765757.038,121.579497,24.998686
JM0DN20023,羅比親王海棗,Phoenix humilis,棕櫚科,道南,高灘地南區管理站,2.95424,7.643312,2.616248,0,1051125,,308493.61,2765755.744,121.579476,24.998674
JM0DN20024,羅比親王海棗,Phoenix humilis,棕櫚科,道南,高灘地南區管理站,4.37197,7.802548,2.378228,0,1051125,,308491.367,2765753.836,121.579454,24.998657
JM0DN20025,羅比親王海棗,Phoenix humilis,棕櫚科,道南,高灘地南區管理站,4.04072,10.509554,3.321383,0,1051125,,308489.4652,2765752.832,121.579435,24.998648
JM0DN20026,羅比親王海棗,Phoenix humilis,棕櫚科,道南,高灘地南區管理站,3.88437,6.847134,2.354892,0,1051125,,308486.978,2765751.39,121.57941,24.998635
JM0DN20027,羅比親王海棗,Phoenix humilis,棕櫚科,道南,高灘地南區管理站,4.69706,8.43949,1.88855,0,1051125,,308485.1651,2765749.944,121.579392,24.998622
JM0DN20028,羅比親王海棗,Phoenix humilis,棕櫚科,道南,高灘地南區管理站,3.10547,7.484076,1.997275,0,1051125,,308483.1414,2765748.706,121.579372,24.998611
JM0DN20029,羅比親王海棗,Phoenix humilis,棕櫚科,道南,高灘地南區管理站,4.0427,7.802548,1.72097,0,1051125,,308480.8739,2765747.454,121.579349,24.9986
JM0DN20030,羅比親王海棗,Phoenix humilis,棕櫚科,道南,高灘地南區管理站,3.87734,8.598726,2.381557,0,1051125,,308478.5916,2765745.446,121.579327,24.998582
JM0DN20031,羅比親王海棗,Phoenix humilis,棕櫚科,道南,高灘地南區管理站,2.3873,9.235669,2.598653,0,1051125,,308476.4951,2765744.496,121.579306,24.998573
JM0DN20032,羅比親王海棗,Phoenix humilis,棕櫚科,道南,高灘地南區管理站,3.76099,18.789809,1.670398,0,1051125,,308473.8896,2765743.889,121.57928,24.998568
JM0DN20033,羅比親王海棗,Phoenix humilis,棕櫚科,道南,高灘地南區管理站,3.76115,6.687898,2.008258,0,1051125,,308472.2998,2765742.604,121.579264,24.998556
JM0DN20034,羅比親王海棗,Phoenix humilis,棕櫚科,道南,高灘地南區管理站,4.46918,9.713376,3.023412,0,1051125,,308470.6713,2765741.022,121.579248,24.998542
JM0DN20035,羅比親王海棗,Phoenix humilis,棕櫚科,道南,高灘地南區管理站,3.81529,9.713376,3.337368,0,1051125,,308468.6815,2765739.388,121.579228,24.998528
JM0DN20036,羅比親王海棗,Phoenix humilis,棕櫚科,道南,高灘地南區管理站,3.30685,9.55414,11.523668,0,1051125,,308141.0665,2765559.346,121.575975,24.996915
JM0DN20037,羅比親王海棗,Phoenix humilis,棕櫚科,道南,高灘地南區管理站,3.98329,8.280255,9.987179,0,1051125,,308139.2204,2765556.851,121.575957,24.996892
JM0DN20038,羅比親王海棗,Phoenix humilis,棕櫚科,道南,高灘地南區管理站,3.24951,10.828025,13.060157,0,1051125,主幹傾斜,308136.3103,2765555.449,121.575928,24.99688
JM0DN20039,臺灣海棗,Phoenix hanceana,棕櫚科,道南,高灘地南區管理站,4.70243,51.910828,19.247227,16.661429,1051125,,308117.4998,2765567.117,121.575742,24.996986
JM0DN20040,臺灣海棗,Phoenix hanceana,棕櫚科,道南,高灘地南區管理站,5.29083,46.815287,17.320456,0,1051125,,308103.7264,2765561.673,121.575605,24.996937
XD0ZZ20188,華盛頓椰子,Washingtonia filifera,棕櫚科,中正,高灘地南區管理站,4.02717,38.375796,35.621162,48.2,1051231,,302018.5499,2768430.669,121.515433,25.02306
XD0HZ20976,華盛頓椰子,Washingtonia filifera,棕櫚科,華中,高灘地南區管理站,3.43296,8.598726,2.021161,10.8,1051225,無托痕,299535.3372,2768451.958,121.490829,25.023335
XD0HZ20977,華盛頓椰子,Washingtonia filifera,棕櫚科,華中,高灘地南區管理站,3.33591,8.598726,2.440308,10.8,1051225,無托痕,299555.4092,2768401.471,121.491026,25.022879
XD0HZ20978,華盛頓椰子,Washingtonia filifera,棕櫚科,華中,高灘地南區管理站,2.40919,9.55414,4.894445,12,1051225,測量1m無托痕,299569.5368,2768370.277,121.491165,25.022596
SS0SX20012,孔雀椰子,Caryota urens,棕櫚科,雙溪,高灘地北區管理站,3.5785,0,0.655382,26,1051104,無法測量,303711.2165,2777006.955,121.532539,25.100426
